ID,cluster1,cluster2,cluster3,cluster4,waterbody,Lat,Long,Sample_Origin
BH-90997,0.68,0.255,0.045,0.02,Badendycksgraben,,,BODDENHECHT
BH-00373,0.075,0.846,0.038,0.041,Barthe,,,BODDENHECHT
BH-00374,0.023,0.966,0.005,0.005,Barthe,,,BODDENHECHT
BH-00375,0.019,0.965,0.009,0.007,Barthe,,,BODDENHECHT
BH-00376,0.006,0.988,0.003,0.003,Barthe,,,BODDENHECHT
BH-00377,0.013,0.964,0.013,0.01,Barthe,,,BODDENHECHT
BH-00378,0.577,0.409,0.006,0.008,Barthe,,,BODDENHECHT
BH-00379,0.256,0.717,0.014,0.013,Barthe,,,BODDENHECHT
BH-00381,0.079,0.901,0.009,0.011,Barthe,,,BODDENHECHT
BH-00382,0.022,0.969,0.005,0.005,Barthe,,,BODDENHECHT
BH-00383,0.01,0.982,0.004,0.004,Barthe,,,BODDENHECHT
BH-00384,0.045,0.943,0.007,0.005,Barthe,,,BODDENHECHT
BH-00385,0.285,0.704,0.005,0.006,Barthe,,,BODDENHECHT
BH-00391,0.092,0.878,0.015,0.015,Barthe,54.319417,12.699083,BODDENHECHT
BH-00394,0.091,0.872,0.018,0.019,Barthe,54.319417,12.699083,BODDENHECHT
BH-00395,0.013,0.931,0.038,0.018,Barthe,54.319417,12.699083,BODDENHECHT
BH-00397,0.025,0.966,0.005,0.005,Barthe,54.319417,12.699083,BODDENHECHT
BH-00398,0.014,0.973,0.007,0.006,Barthe,54.319417,12.699083,BODDENHECHT
BH-00399,0.688,0.285,0.012,0.015,Barthe,54.319417,12.699083,BODDENHECHT
BH-00400,0.01,0.939,0.035,0.016,Barthe,54.319417,12.699083,BODDENHECHT
BH-00401,0.033,0.954,0.007,0.006,Barthe,54.319417,12.699083,BODDENHECHT
BH-00402,0.021,0.968,0.006,0.006,Barthe,54.319417,12.699083,BODDENHECHT
BH-00403,0.01,0.981,0.005,0.004,Barthe,54.319417,12.699083,BODDENHECHT
BH-00405,0.034,0.944,0.012,0.01,Barthe,54.319417,12.699083,BODDENHECHT
BH-00406,0.01,0.983,0.003,0.003,Barthe,54.33804,12.685291,BODDENHECHT
BH-00407,0.01,0.97,0.012,0.008,Barthe,54.33804,12.685291,BODDENHECHT
BH-00408,0.019,0.975,0.003,0.003,Barthe,54.33804,12.685291,BODDENHECHT
BH-00409,0.023,0.953,0.016,0.009,Barthe,54.33804,12.685291,BODDENHECHT
BH-00410,0.011,0.983,0.003,0.003,Barthe,54.33804,12.685291,BODDENHECHT
BH-00411,0.013,0.978,0.005,0.004,Barthe,54.33804,12.685291,BODDENHECHT
BH-00412,0.017,0.972,0.006,0.005,Barthe,54.33804,12.685291,BODDENHECHT
BH-00722,0.045,0.945,0.005,0.005,Barthe,,,BODDENHECHT
BH-00723,0.302,0.678,0.01,0.01,Barthe,,,BODDENHECHT
BH-00724,0.011,0.98,0.005,0.004,Barthe,,,BODDENHECHT
BH-00725,0.044,0.932,0.013,0.011,Barthe,,,BODDENHECHT
BH-00726,0.806,0.179,0.007,0.008,Barthe,,,BODDENHECHT
BH-00727,0.009,0.965,0.016,0.01,Barthe,,,BODDENHECHT
BH-00728,0.27,0.699,0.012,0.018,Barthe,,,BODDENHECHT
BH-51614,0.032,0.95,0.008,0.011,BAT,54.37208,12.67767,BODDENHECHT
BH-51614,0.032,0.95,0.008,0.011,Barthe,54.36602,12.68762,BODDENHECHT
BH-90002,0.017,0.01,0.065,0.909,BEG,,,BODDENHECHT
BH-90052,0.02,0.961,0.009,0.01,Barthe,,,BODDENHECHT
BH-90053,0.025,0.963,0.006,0.006,Barthe,,,BODDENHECHT
BH-90093,0.016,0.961,0.013,0.01,Barthe,,,BODDENHECHT
BH-90306,0.064,0.927,0.004,0.004,Barthe,54.29974,12.72818,BODDENHECHT
BH-90306,0.064,0.927,0.004,0.004,BAT,,,BODDENHECHT
BH-90314,0.248,0.713,0.018,0.021,Barthe,54.29974,12.72818,BODDENHECHT
BH-90322,0.512,0.458,0.014,0.015,Barthe,54.29974,12.72818,BODDENHECHT
BH-90330,0.017,0.965,0.01,0.009,Barthe,54.29974,12.72818,BODDENHECHT
BH-90351,0.331,0.641,0.012,0.016,Barthe,54.29974,12.72818,BODDENHECHT
BH-90353,0.023,0.963,0.007,0.007,Barthe,54.29974,12.72818,BODDENHECHT
BH-90356,0.032,0.939,0.016,0.013,Barthe,54.29974,12.72818,BODDENHECHT
BH-90364,0.04,0.933,0.016,0.012,Barthe,54.29974,12.72818,BODDENHECHT
BH-90366,0.018,0.961,0.012,0.008,Barthe,54.29974,12.72818,BODDENHECHT
BH-90381,0.038,0.953,0.005,0.005,Barthe,54.29974,12.72818,BODDENHECHT
BH-90392,0.039,0.899,0.037,0.025,Barthe,54.29974,12.72818,BODDENHECHT
BH-90394,0.069,0.904,0.015,0.011,Barthe,54.29974,12.72818,BODDENHECHT
BH-91091,0.105,0.884,0.005,0.005,Barthe,,,BODDENHECHT
BH-91091,0.105,0.884,0.005,0.005,Barthe,54.3274,12.6931,BODDENHECHT
BH-91101,0.039,0.932,0.015,0.014,Barthe,,,BODDENHECHT
BH-91102,0.025,0.952,0.012,0.011,Barthe,,,BODDENHECHT
BH-91107,0.147,0.832,0.01,0.011,Barthe,,,BODDENHECHT
BH-91110,0.026,0.951,0.012,0.011,Barthe,,,BODDENHECHT
BH-91115,0.012,0.979,0.004,0.004,Barthe,,,BODDENHECHT
BH-91122,0.011,0.978,0.006,0.005,Barthe,,,BODDENHECHT
BH-91123,0.018,0.971,0.006,0.005,Barthe,,,BODDENHECHT
BH-91124,0.015,0.979,0.004,0.003,Barthe,,,BODDENHECHT
BH-91127,0.16,0.808,0.014,0.018,Barthe,,,BODDENHECHT
BH-91127,0.16,0.808,0.014,0.018,Barthe,54.3238,12.6956,BODDENHECHT
BH-91128,0.169,0.775,0.028,0.028,Barthe,,,BODDENHECHT
BH-91129,0.016,0.964,0.012,0.007,Barthe,,,BODDENHECHT
BH-91134,0.009,0.984,0.004,0.003,Barthe,,,BODDENHECHT
BH-91135,0.017,0.967,0.008,0.008,Barthe,,,BODDENHECHT
BH-91137,0.647,0.329,0.011,0.013,Barthe,,,BODDENHECHT
BH-91138,0.502,0.47,0.012,0.016,Barthe,,,BODDENHECHT
BH-91143,0.033,0.95,0.009,0.009,Barthe,,,BODDENHECHT
BH-91145,0.042,0.931,0.014,0.013,Barthe,,,BODDENHECHT
BH-91145,0.042,0.931,0.014,0.013,Barthe,54.33628,12.68659,BODDENHECHT
BH-91146,0.008,0.006,0.132,0.854,Barthe,,,BODDENHECHT
BH-91150,0.032,0.954,0.007,0.007,Barthe,,,BODDENHECHT
BH-91155,0.101,0.867,0.012,0.02,Barthe,,,BODDENHECHT
BH-91176,0.902,0.076,0.012,0.011,Barthe,,,BODDENHECHT
BH-91178,0.174,0.774,0.028,0.025,Barthe,,,BODDENHECHT
BH-91178,0.174,0.774,0.028,0.025,Barthe,54.36592,12.68755,BODDENHECHT
BH-91178,0.174,0.774,0.028,0.025,BAT,54.3768,12.6855,BODDENHECHT
BH-91183,0.189,0.788,0.01,0.013,Barthe,,,BODDENHECHT
BH-91187,0.016,0.978,0.003,0.003,Barthe,,,BODDENHECHT
BH-91514,0.028,0.947,0.014,0.012,Barthe,54.36592,12.68755,BODDENHECHT
BH-91525,0.023,0.969,0.004,0.003,Barthe,54.36592,12.68755,BODDENHECHT
BH-91550,0.036,0.952,0.007,0.006,Barthe,54.36592,12.68755,BODDENHECHT
BH-91558,0.026,0.917,0.032,0.025,Barthe,54.36592,12.68755,BODDENHECHT
BH-91559,0.121,0.85,0.016,0.014,Barthe,54.36592,12.68755,BODDENHECHT
BH-91561,0.013,0.979,0.004,0.004,Barthe,54.36592,12.68755,BODDENHECHT
BH-91561,0.013,0.979,0.004,0.004,BAT,54.40055,12.68992,BODDENHECHT
BH-91561,0.013,0.979,0.004,0.004,BAT,54.4,12.6903,BODDENHECHT
BH-91563,0.128,0.86,0.006,0.006,Barthe,54.36592,12.68755,BODDENHECHT
BH-91566,0.033,0.958,0.005,0.004,Barthe,54.36592,12.68755,BODDENHECHT
BH-91585,0.979,0.011,0.005,0.005,Barthe,54.35199,12.68648,BODDENHECHT
BH-91588,0.241,0.728,0.014,0.017,Barthe,54.35199,12.68648,BODDENHECHT
BH-92990,0.017,0.972,0.006,0.005,Barthe,54.36602,12.68762,BODDENHECHT
BH-92997,0.025,0.963,0.006,0.006,Barthe,54.32037,12.69813,BODDENHECHT
BH-93007,0.013,0.981,0.003,0.003,Barthe,54.36602,12.68762,BODDENHECHT
BH-93009,0.078,0.909,0.006,0.007,Barthe,54.32037,12.69813,BODDENHECHT
BH-93013,0.431,0.553,0.008,0.009,Barthe,54.32037,12.69813,BODDENHECHT
BH-93014,0.164,0.821,0.007,0.007,Barthe,54.32037,12.69813,BODDENHECHT
BH-93047,0.033,0.958,0.004,0.005,Barthe,54.33628,12.68659,BODDENHECHT
BH-93048,0.056,0.898,0.028,0.018,Barthe,54.33628,12.68659,BODDENHECHT
BH-93050,0.144,0.767,0.052,0.037,Barthe,54.33628,12.68659,BODDENHECHT
BH-93051,0.007,0.98,0.008,0.005,Barthe,54.32037,12.69813,BODDENHECHT
BH-93053,0.544,0.408,0.024,0.024,Barthe,54.33628,12.68659,BODDENHECHT
BH-93060,0.442,0.506,0.025,0.026,Barthe,54.33628,12.68659,BODDENHECHT
BH-93064,0.106,0.698,0.132,0.063,Barthe,54.33628,12.68659,BODDENHECHT
BH-93065,0.723,0.153,0.057,0.067,Barthe,54.33628,12.68659,BODDENHECHT
BH-93067,0.031,0.93,0.016,0.023,Barthe,54.33628,12.68659,BODDENHECHT
BH-93075,0.072,0.89,0.023,0.015,Barthe,54.33628,12.68659,BODDENHECHT
BH-93076,0.027,0.963,0.006,0.004,Barthe,54.33628,12.68659,BODDENHECHT
BH-93084,0.047,0.94,0.006,0.007,Barthe,54.33628,12.68659,BODDENHECHT
BH-93085,0.017,0.968,0.008,0.007,Barthe,54.33628,12.68659,BODDENHECHT
BH-93091,0.009,0.979,0.006,0.006,Barthe,54.33628,12.68659,BODDENHECHT
BH-93092,0.011,0.977,0.006,0.006,Barthe,54.32037,12.69813,BODDENHECHT
BH-93093,0.875,0.103,0.011,0.011,Barthe,54.33628,12.68659,BODDENHECHT
BH-93096,0.012,0.975,0.006,0.007,Barthe,54.33628,12.68659,BODDENHECHT
BH-93097,0.011,0.939,0.033,0.017,Barthe,54.36602,12.68762,BODDENHECHT
BH-93099,0.023,0.961,0.009,0.007,Barthe,54.33628,12.68659,BODDENHECHT
BH-93106,0.013,0.971,0.008,0.008,Barthe,54.32037,12.69813,BODDENHECHT
BH-93108,0.015,0.966,0.009,0.009,Barthe,54.32037,12.69813,BODDENHECHT
BH-93109,0.885,0.098,0.008,0.009,Barthe,54.33628,12.68659,BODDENHECHT
BH-93112,0.01,0.983,0.004,0.003,Barthe,54.33628,12.68659,BODDENHECHT
BH-93114,0.065,0.869,0.04,0.026,Barthe,54.36602,12.68762,BODDENHECHT
BH-93116,0.029,0.914,0.034,0.023,Barthe,54.36602,12.68762,BODDENHECHT
BH-93117,0.142,0.838,0.01,0.01,Barthe,54.33628,12.68659,BODDENHECHT
BH-93122,0.244,0.744,0.006,0.006,Barthe,54.33628,12.68659,BODDENHECHT
BH-93130,0.854,0.132,0.007,0.008,Barthe,54.33628,12.68659,BODDENHECHT
BH-93131,0.011,0.979,0.006,0.004,Barthe,54.33628,12.68659,BODDENHECHT
BH-93132,0.268,0.692,0.018,0.023,Barthe,54.36602,12.68762,BODDENHECHT
BH-93133,0.48,0.502,0.01,0.008,Barthe,54.33628,12.68659,BODDENHECHT
BH-93136,0.013,0.977,0.005,0.004,Barthe,54.33628,12.68659,BODDENHECHT
BH-93137,0.011,0.982,0.003,0.003,Barthe,54.33628,12.68659,BODDENHECHT
BH-93138,0.071,0.9,0.016,0.013,Barthe,54.33628,12.68659,BODDENHECHT
BH-93140,0.169,0.819,0.006,0.006,Barthe,54.32037,12.69813,BODDENHECHT
BH-93145,0.017,0.963,0.012,0.009,Barthe,54.32037,12.69813,BODDENHECHT
BH-93147,0.314,0.611,0.05,0.025,Barthe,54.32037,12.69813,BODDENHECHT
BH-93148,0.011,0.967,0.013,0.009,Barthe,54.33628,12.68659,BODDENHECHT
BH-93151,0.047,0.895,0.034,0.024,Barthe,54.33628,12.68659,BODDENHECHT
BH-93153,0.011,0.976,0.007,0.006,Barthe,54.33628,12.68659,BODDENHECHT
BH-93154,0.012,0.977,0.005,0.005,Barthe,54.33628,12.68659,BODDENHECHT
BH-93154,0.012,0.977,0.005,0.005,BAT,54.37629,12.68363,BODDENHECHT
BH-93155,0.008,0.977,0.009,0.006,Barthe,54.33628,12.68659,BODDENHECHT
BH-93178,0.053,0.934,0.006,0.006,Barthe,54.36602,12.68762,BODDENHECHT
BH-93194,0.033,0.953,0.008,0.006,Barthe,54.33628,12.68659,BODDENHECHT
BH-00251,0.34,0.124,0.258,0.278,BAT,,,BODDENHECHT
BH-00252,0.012,0.01,0.084,0.894,BAT,,,BODDENHECHT
BH-00253,0.018,0.05,0.212,0.72,BAT,,,BODDENHECHT
BH-00254,0.668,0.291,0.025,0.015,BAT,,,BODDENHECHT
BH-00255,0.008,0.012,0.907,0.072,BAT,,,BODDENHECHT
BH-00256,0.009,0.007,0.333,0.65,BAT,,,BODDENHECHT
BH-00257,0.01,0.012,0.936,0.042,BAT,,,BODDENHECHT
BH-00258,0.006,0.004,0.245,0.745,BAT,,,BODDENHECHT
BH-00259,0.032,0.014,0.555,0.399,BAT,,,BODDENHECHT
BH-00260,0.011,0.017,0.927,0.045,BAT,,,BODDENHECHT
BH-00261,0.01,0.007,0.114,0.87,BAT,,,BODDENHECHT
BH-00262,0.07,0.15,0.627,0.153,BAT,,,BODDENHECHT
BH-00263,0.008,0.012,0.808,0.172,BAT,,,BODDENHECHT
BH-00264,0.019,0.012,0.349,0.619,BAT,,,BODDENHECHT
BH-00275,0.008,0.006,0.241,0.745,BAT,,,BODDENHECHT
BH-00276,0.013,0.02,0.92,0.048,BAT,,,BODDENHECHT
BH-00277,0.004,0.003,0.892,0.101,BAT,,,BODDENHECHT
BH-00278,0.003,0.003,0.194,0.801,BAT,,,BODDENHECHT
BH-00279,0.003,0.002,0.141,0.853,BAT,,,BODDENHECHT
BH-00281,0.04,0.053,0.859,0.048,BAT,,,BODDENHECHT
BH-00283,0.01,0.007,0.454,0.53,BAT,,,BODDENHECHT
BH-00288,0.049,0.025,0.121,0.805,BAT,,,BODDENHECHT
BH-00289,0.041,0.006,0.691,0.262,BAT,,,BODDENHECHT
BH-00290,0.151,0.071,0.65,0.128,BAT,,,BODDENHECHT
BH-00291,0.004,0.003,0.084,0.909,BAT,,,BODDENHECHT
BH-00292,0.032,0.011,0.511,0.445,BAT,,,BODDENHECHT
BH-00293,0.343,0.195,0.144,0.318,BAT,,,BODDENHECHT
BH-00299,0.415,0.048,0.285,0.251,BAT,,,BODDENHECHT
BH-00300,0.038,0.009,0.494,0.459,BAT,,,BODDENHECHT
BH-00652,0.102,0.075,0.458,0.365,BAT,,,BODDENHECHT
BH-00653,0.013,0.012,0.063,0.911,BAT,,,BODDENHECHT
BH-00734,0.698,0.038,0.135,0.129,BAT,,,BODDENHECHT
BH-00738,0.011,0.01,0.131,0.848,BAT,,,BODDENHECHT
BH-00743,0.429,0.183,0.136,0.252,BAT,,,BODDENHECHT
BH-00746,0.058,0.018,0.344,0.58,BAT,,,BODDENHECHT
BH-01480,0.005,0.003,0.112,0.88,BAT,,,BODDENHECHT
BH-01480,0.005,0.003,0.112,0.88,KB,54.4046,13.1904,BODDENHECHT
BH-01481,0.157,0.021,0.413,0.409,BAT,,,BODDENHECHT
BH-01482,0.007,0.004,0.23,0.759,BAT,,,BODDENHECHT
BH-01670,0.011,0.012,0.923,0.053,BAT,,,BODDENHECHT
BH-01672,0.09,0.349,0.41,0.152,BAT,,,BODDENHECHT
BH-01672,0.09,0.349,0.41,0.152,BAT,54.4381,13.0001,BODDENHECHT
BH-01673,0.016,0.01,0.396,0.579,BAT,,,BODDENHECHT
BH-01674,0.107,0.279,0.252,0.362,BAT,,,BODDENHECHT
BH-01675,0.032,0.029,0.262,0.677,BAT,,,BODDENHECHT
BH-01676,0.009,0.007,0.216,0.767,BAT,,,BODDENHECHT
BH-01677,0.009,0.01,0.074,0.907,BAT,,,BODDENHECHT
BH-01677,0.009,0.01,0.074,0.907,BAT,54.41857,12.94958,BODDENHECHT
BH-01678,0.007,0.007,0.132,0.854,BAT,,,BODDENHECHT
BH-01679,0.223,0.023,0.538,0.215,BAT,,,BODDENHECHT
BH-01680,0.031,0.02,0.825,0.124,BAT,,,BODDENHECHT
BH-01681,0.017,0.007,0.251,0.725,BAT,,,BODDENHECHT
BH-01682,0.463,0.512,0.016,0.009,BAT,,,BODDENHECHT
BH-01685,0.008,0.006,0.109,0.877,BAT,,,BODDENHECHT
BH-01686,0.015,0.027,0.926,0.032,BAT,,,BODDENHECHT
BH-01686,0.015,0.027,0.926,0.032,BAT,54.4164,12.9312,BODDENHECHT
BH-01687,0.215,0.031,0.473,0.281,BAT,,,BODDENHECHT
BH-01687,0.215,0.031,0.473,0.281,BAT,54.40547,12.90697,BODDENHECHT
BH-01688,0.045,0.017,0.235,0.703,BAT,,,BODDENHECHT
BH-01909,0.141,0.1,0.305,0.455,BAT,,,BODDENHECHT
BH-01910,0.273,0.227,0.445,0.054,BAT,,,BODDENHECHT
BH-01911,0.032,0.055,0.818,0.095,BAT,,,BODDENHECHT
BH-01912,0.009,0.035,0.925,0.03,BAT,,,BODDENHECHT
BH-01913,0.587,0.06,0.209,0.144,BAT,,,BODDENHECHT
BH-01914,0.661,0.064,0.103,0.173,BAT,,,BODDENHECHT
BH-01915,0.072,0.025,0.301,0.601,BAT,,,BODDENHECHT
BH-01916,0.087,0.127,0.238,0.548,BAT,,,BODDENHECHT
BH-01916,0.087,0.127,0.238,0.548,BAT,,,BODDENHECHT
BH-01917,0.238,0.104,0.234,0.424,BAT,,,BODDENHECHT
BH-01918,0.037,0.029,0.902,0.032,BAT,,,BODDENHECHT
BH-02368,0.026,0.015,0.105,0.854,BAT,54.39738,12.76652,BODDENHECHT
BH-50011,0.689,0.176,0.07,0.065,BAT,,,BODDENHECHT
BH-50011,0.689,0.176,0.07,0.065,BAT,54.3714,12.68455,BODDENHECHT
BH-51007,0.046,0.044,0.878,0.032,BAT,,,BODDENHECHT
BH-51007,0.046,0.044,0.878,0.032,BAT,54.3919,12.8941,BODDENHECHT
BH-51008,0.04,0.082,0.853,0.024,BAT,,,BODDENHECHT
BH-51009,0.53,0.107,0.17,0.193,BAT,,,BODDENHECHT
BH-51105,0.008,0.005,0.46,0.527,BAT,54.4191,12.92727,BODDENHECHT
BH-51106,0.008,0.006,0.096,0.891,BAT,54.42147,12.92075,BODDENHECHT
BH-51106,0.008,0.006,0.096,0.891,BAT,54.43837,12.94553,BODDENHECHT
BH-51107,0.005,0.004,0.214,0.777,BAT,54.4189,12.92595,BODDENHECHT
BH-51107,0.005,0.004,0.214,0.777,KB,54.45131,13.19787,BODDENHECHT
BH-51108,0.092,0.044,0.076,0.787,BAT,54.42143,12.93747,BODDENHECHT
BH-51109,0.018,0.008,0.114,0.86,BAT,54.42162,12.93812,BODDENHECHT
BH-51112,0.009,0.009,0.936,0.046,BAT,54.40945,12.90783,BODDENHECHT
BH-51113,0.009,0.004,0.14,0.847,BAT,54.40917,12.90733,BODDENHECHT
BH-51114,0.435,0.12,0.313,0.131,BAT,54.40477,12.90383,BODDENHECHT
BH-51115,0.169,0.058,0.268,0.505,BAT,54.40477,12.93737,BODDENHECHT
BH-51124,0.007,0.006,0.971,0.015,BAT,54.43045,12.98235,BODDENHECHT
BH-51125,0.005,0.005,0.166,0.824,BAT,54.40488,13.04517,BODDENHECHT
BH-51125,0.005,0.005,0.166,0.824,SB,54.50645,13.17053,BODDENHECHT
BH-51127,0.008,0.007,0.067,0.917,BAT,54.43083,12.98908,BODDENHECHT
BH-51127,0.008,0.007,0.067,0.917,BAT,54.41708,12.92583,BODDENHECHT
BH-51129,0.005,0.004,0.144,0.847,BAT,54.43153,12.98837,BODDENHECHT
BH-51130,0.032,0.048,0.577,0.343,BAT,54.43162,12.98908,BODDENHECHT
BH-51131,0.007,0.007,0.951,0.035,BAT,54.4314,12.98492,BODDENHECHT
BH-51132,0.192,0.115,0.191,0.501,BAT,54.43012,12.98802,BODDENHECHT
BH-51133,0.103,0.049,0.429,0.419,BAT,54.43003,12.98677,BODDENHECHT
BH-51133,0.103,0.049,0.429,0.419,BAT,54.42133,12.91913,BODDENHECHT
BH-51134,0.358,0.113,0.354,0.176,BAT,54.4201,12.93278,BODDENHECHT
BH-51135,0.016,0.02,0.923,0.041,BAT,54.40493,12.8941,BODDENHECHT
BH-51136,0.007,0.014,0.929,0.049,BAT,54.40473,12.89363,BODDENHECHT
BH-51246,0.565,0.12,0.182,0.133,BAT,54.40757,12.91013,BODDENHECHT
BH-51246,0.565,0.12,0.182,0.133,Graben_Grosses_Holz,54.39825,12.89707,BODDENHECHT
BH-51246,0.565,0.12,0.182,0.133,BAT,54.39892,12.89407,BODDENHECHT
BH-51246,0.565,0.12,0.182,0.133,Graben_Grosses_Holz,54.39827,12.89709,BODDENHECHT
BH-51397,0.017,0.009,0.303,0.672,BAT,54.40473,12.89723,BODDENHECHT
BH-51397,0.017,0.009,0.303,0.672,BAT,54.43612,12.94371,BODDENHECHT
BH-90063,0.013,0.009,0.178,0.8,BAT,,,BODDENHECHT
BH-90082,0.031,0.023,0.403,0.544,BAT,,,BODDENHECHT
BH-90084,0.016,0.009,0.079,0.897,BAT,,,BODDENHECHT
BH-90095,0.043,0.03,0.458,0.469,BAT,,,BODDENHECHT
BH-90098,0.01,0.011,0.185,0.794,BAT,,,BODDENHECHT
BH-90100,0.122,0.066,0.363,0.449,BAT,,,BODDENHECHT
BH-90102,0.036,0.036,0.3,0.628,BAT,,,BODDENHECHT
BH-90102,0.036,0.036,0.3,0.628,BAT,,,BODDENHECHT
BH-90108,0.02,0.014,0.288,0.678,BAT,,,BODDENHECHT
BH-90117,0.046,0.029,0.426,0.499,BAT,,,BODDENHECHT
BH-90120,0.008,0.005,0.269,0.719,BAT,,,BODDENHECHT
BH-90120,0.008,0.005,0.269,0.719,BAT,,,BODDENHECHT
BH-90124,0.007,0.005,0.121,0.867,BAT,,,BODDENHECHT
BH-90127,0.207,0.068,0.34,0.384,BAT,,,BODDENHECHT
BH-90130,0.006,0.01,0.956,0.028,BAT,,,BODDENHECHT
BH-90130,0.006,0.01,0.956,0.028,BAT,,,BODDENHECHT
BH-90130,0.006,0.01,0.956,0.028,BAT,54.43386,12.94641,BODDENHECHT
BH-90132,0.011,0.01,0.15,0.829,BAT,,,BODDENHECHT
BH-90132,0.011,0.01,0.15,0.829,BAT,54.40073,12.89073,BODDENHECHT
BH-90133,0.008,0.005,0.241,0.746,BAT,,,BODDENHECHT
BH-90134,0.009,0.026,0.905,0.06,BAT,,,BODDENHECHT
BH-90137,0.273,0.061,0.247,0.419,BAT,,,BODDENHECHT
BH-90167,0.005,0.005,0.951,0.039,BAT,,,BODDENHECHT
BH-90190,0.032,0.034,0.756,0.179,BAT,,,BODDENHECHT
BH-90199,0.039,0.034,0.475,0.452,BAT,,,BODDENHECHT
BH-90203,0.012,0.007,0.172,0.809,BAT,,,BODDENHECHT
BH-90205,0.011,0.01,0.932,0.048,BAT,,,BODDENHECHT
BH-90207,0.008,0.007,0.18,0.805,BAT,,,BODDENHECHT
BH-90208,0.007,0.008,0.864,0.121,BAT,,,BODDENHECHT
BH-90209,0.07,0.187,0.49,0.253,BAT,,,BODDENHECHT
BH-90214,0.005,0.004,0.074,0.917,BAT,,,BODDENHECHT
BH-90216,0.005,0.007,0.093,0.895,BAT,,,BODDENHECHT
BH-90219,0.019,0.033,0.91,0.037,BAT,,,BODDENHECHT
BH-90221,0.006,0.005,0.112,0.877,BAT,,,BODDENHECHT
BH-90221,0.006,0.005,0.112,0.877,SB,54.4536,13.1717,BODDENHECHT
BH-90221,0.006,0.005,0.112,0.877,BAT,54.4312,12.9933,BODDENHECHT
BH-90229,0.006,0.004,0.204,0.785,BAT,,,BODDENHECHT
BH-90230,0.006,0.005,0.09,0.899,BAT,,,BODDENHECHT
BH-90248,0.028,0.037,0.922,0.013,BAT,,,BODDENHECHT
BH-90441,0.01,0.009,0.108,0.874,BAT,,,BODDENHECHT
BH-90445,0.005,0.003,0.086,0.906,BAT,,,BODDENHECHT
BH-90446,0.012,0.021,0.288,0.678,BAT,,,BODDENHECHT
BH-90447,0.007,0.007,0.881,0.106,BAT,,,BODDENHECHT
BH-90451,0.034,0.03,0.8,0.136,BAT,,,BODDENHECHT
BH-90453,0.013,0.012,0.879,0.096,BAT,,,BODDENHECHT
BH-90734,0.267,0.035,0.477,0.221,BAT,,,BODDENHECHT
BH-90739,0.043,0.027,0.443,0.488,BAT,,,BODDENHECHT
BH-90739,0.043,0.027,0.443,0.488,BAT,,,BODDENHECHT
BH-90750,0.12,0.251,0.521,0.108,BAT,,,BODDENHECHT
BH-90751,0.057,0.047,0.853,0.043,BAT,,,BODDENHECHT
BH-90753,0.006,0.009,0.095,0.89,BAT,,,BODDENHECHT
BH-90760,0.024,0.015,0.218,0.744,BAT,,,BODDENHECHT
BH-90773,0.828,0.141,0.015,0.017,BAT,,,BODDENHECHT
BH-90773,0.828,0.141,0.015,0.017,BAT,54.438018,12.950473,BODDENHECHT
BH-90832,0.024,0.03,0.809,0.138,BAT,,,BODDENHECHT
BH-90841,0.05,0.067,0.355,0.527,BAT,,,BODDENHECHT
BH-90851,0.177,0.056,0.61,0.157,BAT,,,BODDENHECHT
BH-90851,0.177,0.056,0.61,0.157,BAT,54.41439,12.93337,BODDENHECHT
BH-90853,0.618,0.053,0.102,0.227,BAT,,,BODDENHECHT
BH-90855,0.112,0.171,0.643,0.074,BAT,,,BODDENHECHT
BH-90872,0.811,0.023,0.127,0.039,BAT,,,BODDENHECHT
BH-90880,0.066,0.102,0.426,0.406,BAT,,,BODDENHECHT
BH-90882,0.009,0.009,0.281,0.701,BAT,,,BODDENHECHT
BH-90882,0.009,0.009,0.281,0.701,BAT,54.43711,12.94094,BODDENHECHT
BH-90886,0.064,0.039,0.198,0.699,BAT,,,BODDENHECHT
BH-90888,0.018,0.02,0.281,0.681,BAT,,,BODDENHECHT
BH-90894,0.009,0.02,0.919,0.052,BAT,,,BODDENHECHT
BH-90895,0.018,0.015,0.169,0.797,BAT,,,BODDENHECHT
BH-90896,0.01,0.018,0.941,0.031,BAT,,,BODDENHECHT
BH-01555,0.048,0.012,0.595,0.345,BEG,,,BODDENHECHT
BH-01560,0.028,0.019,0.914,0.039,BEG,,,BODDENHECHT
BH-01567,0.143,0.11,0.379,0.368,BEG,,,BODDENHECHT
BH-01569,0.017,0.074,0.897,0.012,BEG,,,BODDENHECHT
BH-01570,0.11,0.037,0.355,0.499,BEG,,,BODDENHECHT
BH-01571,0.46,0.035,0.3,0.204,BEG,,,BODDENHECHT
BH-01576,0.122,0.028,0.266,0.584,BEG,,,BODDENHECHT
BH-01580,0.008,0.006,0.114,0.872,BEG,,,BODDENHECHT
BH-01701,0.144,0.157,0.628,0.071,BEG,,,BODDENHECHT
BH-01717,0.006,0.011,0.97,0.013,BEG,,,BODDENHECHT
BH-01722,0.653,0.023,0.146,0.178,BEG,,,BODDENHECHT
BH-01846,0.045,0.02,0.368,0.568,BEG,,,BODDENHECHT
BH-90003,0.012,0.012,0.089,0.888,BEG,,,BODDENHECHT
BH-90003,0.012,0.012,0.089,0.888,GJB,,,BODDENHECHT
BH-90004,0.037,0.024,0.071,0.867,BEG,,,BODDENHECHT
BH-90162,0.004,0.004,0.089,0.903,BEG,,,BODDENHECHT
BH-90163,0.119,0.053,0.764,0.064,BEG,,,BODDENHECHT
BH-90164,0.394,0.053,0.259,0.294,BEG,,,BODDENHECHT
BH-90168,0.005,0.007,0.942,0.046,BEG,,,BODDENHECHT
BH-90176,0.03,0.035,0.238,0.697,BEG,,,BODDENHECHT
BH-90177,0.164,0.049,0.272,0.514,BEG,,,BODDENHECHT
BH-90180,0.094,0.067,0.399,0.441,BEG,,,BODDENHECHT
BH-90183,0.009,0.05,0.929,0.012,BEG,,,BODDENHECHT
BH-90188,0.525,0.146,0.281,0.047,BEG,,,BODDENHECHT
BH-90202,0.063,0.057,0.835,0.045,BEG,,,BODDENHECHT
BH-90211,0.01,0.006,0.305,0.679,BEG,,,BODDENHECHT
BH-90211,0.01,0.006,0.305,0.679,GJB,,,BODDENHECHT
BH-90215,0.058,0.049,0.863,0.031,BEG,,,BODDENHECHT
BH-90235,0.006,0.005,0.844,0.145,BEG,,,BODDENHECHT
BH-90244,0.053,0.031,0.161,0.756,BEG,,,BODDENHECHT
BH-90246,0.807,0.027,0.074,0.092,BEG,,,BODDENHECHT
BH-90249,0.009,0.014,0.865,0.111,BEG,,,BODDENHECHT
BH-90249,0.009,0.014,0.865,0.111,GJB,,,BODDENHECHT
BH-90256,0.283,0.102,0.369,0.246,BEG,,,BODDENHECHT
BH-90256,0.283,0.102,0.369,0.246,BEG,,,BODDENHECHT
BH-90270,0.449,0.028,0.192,0.331,BEG,,,BODDENHECHT
BH-90301,0.93,0.043,0.014,0.013,BEG,,,BODDENHECHT
BH-90301,0.93,0.043,0.014,0.013,BEG,,,BODDENHECHT
BH-90304,0.017,0.016,0.075,0.892,BEG,,,BODDENHECHT
BH-90304,0.017,0.016,0.075,0.892,BEG,,,BODDENHECHT
BH-90310,0.012,0.007,0.189,0.792,BEG,,,BODDENHECHT
BH-90316,0.145,0.051,0.378,0.427,BEG,,,BODDENHECHT
BH-90408,0.016,0.016,0.248,0.719,BEG,,,BODDENHECHT
BH-90420,0.252,0.056,0.345,0.348,BEG,,,BODDENHECHT
BH-90425,0.038,0.007,0.673,0.282,BEG,,,BODDENHECHT
BH-90428,0.007,0.007,0.844,0.142,BEG,,,BODDENHECHT
BH-90433,0.367,0.031,0.576,0.027,BEG,,,BODDENHECHT
BH-90437,0.011,0.006,0.23,0.753,BEG,,,BODDENHECHT
BH-90443,0.122,0.216,0.462,0.199,BEG,,,BODDENHECHT
BH-90443,0.122,0.216,0.462,0.199,GJB,54.53,13.37,BODDENHECHT
BH-90444,0.077,0.052,0.412,0.46,BEG,,,BODDENHECHT
BH-90444,0.077,0.052,0.412,0.46,BEG,,,BODDENHECHT
BH-90454,0.014,0.005,0.453,0.528,BEG,,,BODDENHECHT
BH-90455,0.013,0.006,0.398,0.584,BEG,,,BODDENHECHT
BH-90458,0.006,0.004,0.101,0.889,BEG,,,BODDENHECHT
BH-90460,0.024,0.019,0.142,0.815,BEG,,,BODDENHECHT
BH-90500,0.009,0.014,0.834,0.142,BEG,,,BODDENHECHT
BH-90537,0.02,0.027,0.906,0.047,BEG,,,BODDENHECHT
BH-90537,0.02,0.027,0.906,0.047,GJB,54.53,13.37,BODDENHECHT
BH-90537,0.02,0.027,0.906,0.047,GJB,54.53,13.37,BODDENHECHT
BH-90549,0.021,0.014,0.167,0.797,BEG,,,BODDENHECHT
BH-90550,0.172,0.062,0.37,0.396,BEG,,,BODDENHECHT
BH-90550,0.172,0.062,0.37,0.396,BEG,,,BODDENHECHT
BH-90553,0.022,0.009,0.333,0.637,BEG,,,BODDENHECHT
BH-90553,0.022,0.009,0.333,0.637,GJB,,,BODDENHECHT
BH-90559,0.039,0.023,0.381,0.556,BEG,,,BODDENHECHT
BH-90561,0.05,0.018,0.262,0.67,BEG,,,BODDENHECHT
BH-90564,0.007,0.005,0.216,0.772,BEG,,,BODDENHECHT
BH-90565,0.011,0.015,0.181,0.793,BEG,,,BODDENHECHT
BH-90577,0.018,0.016,0.935,0.031,BEG,,,BODDENHECHT
BH-90577,0.018,0.016,0.935,0.031,BEG,,,BODDENHECHT
BH-90582,0.037,0.067,0.829,0.068,BEG,,,BODDENHECHT
BH-90599,0.902,0.06,0.019,0.019,BEG,,,BODDENHECHT
BH-90599,0.902,0.06,0.019,0.019,BEG,54.5421,13.3658,BODDENHECHT
BH-90600,0.068,0.038,0.245,0.649,BEG,,,BODDENHECHT
BH-90602,0.018,0.01,0.923,0.049,BEG,,,BODDENHECHT
BH-90605,0.022,0.01,0.105,0.863,BEG,,,BODDENHECHT
BH-90606,0.006,0.007,0.888,0.099,BEG,,,BODDENHECHT
BH-90608,0.039,0.01,0.881,0.069,BEG,,,BODDENHECHT
BH-90609,0.014,0.007,0.22,0.759,BEG,,,BODDENHECHT
BH-90614,0.096,0.009,0.617,0.278,BEG,,,BODDENHECHT
BH-90614,0.096,0.009,0.617,0.278,BEG,,,BODDENHECHT
BH-90852,0.005,0.006,0.943,0.046,BEG,,,BODDENHECHT
BH-90852,0.005,0.006,0.943,0.046,BEZ,,,BODDENHECHT
BH-90867,0.045,0.01,0.24,0.705,BEG,,,BODDENHECHT
BH-90919,0.007,0.008,0.896,0.089,BEG,,,BODDENHECHT
BH-90919,0.007,0.008,0.896,0.089,GJB,54.56562,13.42465,BODDENHECHT
BH-90923,0.013,0.006,0.269,0.712,Duwenbeek,,,BODDENHECHT
BH-90923,0.013,0.006,0.269,0.712,Duwenbeek,,,BODDENHECHT
BH-91012,0.081,0.899,0.013,0.007,Duwenbeek,,,BODDENHECHT
BH-91039,0.608,0.048,0.122,0.222,Duwenbeek,,,BODDENHECHT
BH-91230,0.761,0.223,0.01,0.007,Duwenbeek,,,BODDENHECHT
BH-91240,0.883,0.1,0.009,0.008,Duwenbeek,,,BODDENHECHT
BH-91246,0.95,0.023,0.013,0.014,Duwenbeek,,,BODDENHECHT
BH-91257,0.237,0.167,0.185,0.412,Duwenbeek,,,BODDENHECHT
BH-91261,0.455,0.032,0.393,0.121,Duwenbeek,,,BODDENHECHT
BH-91273,0.004,0.003,0.079,0.914,Duwenbeek,,,BODDENHECHT
BH-93100,0.931,0.01,0.034,0.025,Duwenbeek,54.47845,13.27969,BODDENHECHT
BH-93141,0.297,0.196,0.088,0.419,Duwenbeek,54.47845,13.27969,BODDENHECHT
BH-00750,0.907,0.082,0.005,0.006,GB,,,BODDENHECHT
BH-01877,0.025,0.95,0.013,0.012,KD,,,BODDENHECHT
BH-01880,0.029,0.02,0.423,0.528,GB,,,BODDENHECHT
BH-01881,0.015,0.011,0.118,0.855,GB,,,BODDENHECHT
BH-01882,0.022,0.012,0.113,0.853,GB,,,BODDENHECHT
BH-01883,0.006,0.009,0.94,0.045,GB,,,BODDENHECHT
BH-01884,0.005,0.006,0.107,0.882,GB,,,BODDENHECHT
BH-01885,0.034,0.023,0.277,0.666,GB,,,BODDENHECHT
BH-01886,0.014,0.009,0.332,0.645,GB,,,BODDENHECHT
BH-01887,0.009,0.01,0.953,0.028,GB,,,BODDENHECHT
BH-01888,0.01,0.014,0.906,0.07,GB,,,BODDENHECHT
BH-01889,0.051,0.035,0.276,0.639,GB,,,BODDENHECHT
BH-01890,0.829,0.063,0.061,0.047,GB,,,BODDENHECHT
BH-01891,0.341,0.092,0.527,0.04,GB,,,BODDENHECHT
BH-01892,0.007,0.006,0.12,0.868,GB,,,BODDENHECHT
BH-01893,0.015,0.006,0.317,0.661,GB,,,BODDENHECHT
BH-01894,0.032,0.011,0.248,0.709,GB,,,BODDENHECHT
BH-01895,0.052,0.934,0.007,0.007,GB,,,BODDENHECHT
BH-01897,0.01,0.01,0.931,0.05,GB,,,BODDENHECHT
BH-01898,0.039,0.014,0.511,0.437,GB,,,BODDENHECHT
BH-01899,0.007,0.005,0.139,0.848,GB,,,BODDENHECHT
BH-01900,0.015,0.009,0.271,0.705,GB,,,BODDENHECHT
BH-01901,0.006,0.005,0.063,0.926,GB,,,BODDENHECHT
BH-01902,0.024,0.02,0.336,0.62,GB,,,BODDENHECHT
BH-01904,0.252,0.23,0.135,0.383,GB,,,BODDENHECHT
BH-01908,0.017,0.024,0.86,0.099,GB,,,BODDENHECHT
BH-52037,0.033,0.012,0.201,0.754,GB,54.36519,13.68613,BODDENHECHT
BH-52038,0.022,0.013,0.145,0.82,GB,54.36519,13.68613,BODDENHECHT
BH-52039,0.013,0.012,0.306,0.668,GB,54.36519,13.68613,BODDENHECHT
BH-52040,0.006,0.004,0.165,0.825,GB,54.36519,13.68613,BODDENHECHT
BH-52041,0.006,0.006,0.099,0.889,GB,54.36519,13.68613,BODDENHECHT
BH-52042,0.408,0.024,0.302,0.267,GB,54.36519,13.68613,BODDENHECHT
BH-90027,0.011,0.009,0.602,0.378,GB,,,BODDENHECHT
BH-90448,0.005,0.008,0.933,0.054,GB,,,BODDENHECHT
BH-90450,0.013,0.008,0.095,0.885,GB,,,BODDENHECHT
BH-90452,0.05,0.032,0.38,0.537,GB,,,BODDENHECHT
BH-90456,0.038,0.033,0.87,0.059,GB,,,BODDENHECHT
BH-90457,0.014,0.006,0.385,0.595,GB,,,BODDENHECHT
BH-90457,0.014,0.006,0.385,0.595,GB,,,BODDENHECHT
BH-90457,0.014,0.006,0.385,0.595,GB,,,BODDENHECHT
BH-90538,0.019,0.018,0.322,0.641,GB,,,BODDENHECHT
BH-90538,0.019,0.018,0.322,0.641,GB,54.3436,13.5067,BODDENHECHT
BH-90567,0.03,0.057,0.852,0.062,GB,,,BODDENHECHT
BH-90618,0.031,0.014,0.914,0.041,GB,,,BODDENHECHT
BH-90619,0.414,0.051,0.274,0.262,GB,,,BODDENHECHT
BH-90619,0.414,0.051,0.274,0.262,GB,54.3322,13.4606,BODDENHECHT
BH-90624,0.187,0.053,0.347,0.414,GB,,,BODDENHECHT
BH-90638,0.78,0.042,0.061,0.118,GB,,,BODDENHECHT
BH-90642,0.033,0.021,0.311,0.634,GB,,,BODDENHECHT
BH-90646,0.013,0.01,0.378,0.599,GB,,,BODDENHECHT
BH-90667,0.028,0.058,0.83,0.084,GB,,,BODDENHECHT
BH-90687,0.859,0.053,0.062,0.026,GB,,,BODDENHECHT
BH-90695,0.014,0.019,0.867,0.099,GB,,,BODDENHECHT
BH-90733,0.179,0.181,0.383,0.257,GB,,,BODDENHECHT
BH-90737,0.126,0.1,0.184,0.59,GB,,,BODDENHECHT
BH-90740,0.505,0.144,0.263,0.088,GB,,,BODDENHECHT
BH-90742,0.046,0.118,0.736,0.1,GB,,,BODDENHECHT
BH-90742,0.046,0.118,0.736,0.1,GB,54.3434,13.5071,BODDENHECHT
BH-90745,0.018,0.01,0.663,0.308,GB,,,BODDENHECHT
BH-90745,0.018,0.01,0.663,0.308,GB,,,BODDENHECHT
BH-90746,0.061,0.025,0.258,0.656,GB,,,BODDENHECHT
BH-90747,0.12,0.126,0.682,0.073,GB,,,BODDENHECHT
BH-90752,0.309,0.092,0.276,0.322,GB,,,BODDENHECHT
BH-90754,0.132,0.062,0.302,0.504,GB,,,BODDENHECHT
BH-90756,0.587,0.396,0.009,0.008,GB,,,BODDENHECHT
BH-90757,0.009,0.008,0.926,0.057,GB,,,BODDENHECHT
BH-90764,0.006,0.004,0.121,0.869,GB,,,BODDENHECHT
BH-90768,0.172,0.227,0.488,0.113,GB,,,BODDENHECHT
BH-90770,0.4,0.141,0.272,0.187,GB,,,BODDENHECHT
BH-90778,0.063,0.035,0.45,0.453,GB,,,BODDENHECHT
BH-90784,0.021,0.012,0.289,0.678,GB,,,BODDENHECHT
BH-90787,0.07,0.03,0.457,0.443,GB,,,BODDENHECHT
BH-90787,0.07,0.03,0.457,0.443,GB,54.3152,13.4598,BODDENHECHT
BH-90789,0.033,0.088,0.839,0.039,GB,,,BODDENHECHT
BH-90789,0.033,0.088,0.839,0.039,GB,54.33248,13.45668,BODDENHECHT
BH-90790,0.026,0.018,0.855,0.101,GB,,,BODDENHECHT
BH-90790,0.026,0.018,0.855,0.101,GB,54.316,13.5217,BODDENHECHT
BH-90795,0.004,0.003,0.127,0.866,GB,,,BODDENHECHT
BH-90795,0.004,0.003,0.127,0.866,GB,54.3284,13.4599,BODDENHECHT
BH-90796,0.046,0.179,0.461,0.314,GB,,,BODDENHECHT
BH-90801,0.014,0.008,0.311,0.668,GB,,,BODDENHECHT
BH-90801,0.014,0.008,0.311,0.668,GB,54.3336,13.4549,BODDENHECHT
BH-90802,0.027,0.011,0.427,0.534,GB,,,BODDENHECHT
BH-90803,0.011,0.008,0.156,0.824,GB,,,BODDENHECHT
BH-90807,0.005,0.006,0.108,0.881,GB,,,BODDENHECHT
BH-90808,0.03,0.065,0.828,0.077,GB,,,BODDENHECHT
BH-90809,0.005,0.004,0.136,0.855,GB,,,BODDENHECHT
BH-90809,0.005,0.004,0.136,0.855,GB,54.314,13.4628,BODDENHECHT
BH-90810,0.009,0.005,0.113,0.872,GB,,,BODDENHECHT
BH-90810,0.009,0.005,0.113,0.872,GB,54.34683,13.581,BODDENHECHT
BH-90811,0.096,0.009,0.647,0.249,GB,,,BODDENHECHT
BH-90812,0.033,0.154,0.793,0.021,GB,,,BODDENHECHT
BH-90812,0.033,0.154,0.793,0.021,GB,54.3314,13.4595,BODDENHECHT
BH-90813,0.655,0.121,0.185,0.04,GB,,,BODDENHECHT
BH-90836,0.005,0.005,0.088,0.902,GB,,,BODDENHECHT
BH-90848,0.008,0.005,0.212,0.775,GB,,,BODDENHECHT
BH-91237,0.529,0.216,0.136,0.119,GB,54.36242,13.65557,BODDENHECHT
BH-91237,0.529,0.216,0.136,0.119,GB,54.36,13.6499,BODDENHECHT
BH-91244,0.006,0.007,0.711,0.276,GB,54.36242,13.65557,BODDENHECHT
BH-91349,0.045,0.026,0.619,0.31,GB,54.36138,13.65555,BODDENHECHT
BH-91400,0.058,0.18,0.631,0.132,GB,54.36242,13.65557,BODDENHECHT
BH-91405,0.012,0.006,0.461,0.521,GB,54.36242,13.65557,BODDENHECHT
BH-91431,0.006,0.009,0.937,0.048,GB,54.36242,13.65557,BODDENHECHT
BH-91432,0.02,0.012,0.412,0.556,GB,54.36274,13.69018,BODDENHECHT
BH-91439,0.023,0.014,0.359,0.604,GB,54.36188,13.65553,BODDENHECHT
BH-91447,0.012,0.008,0.955,0.025,GB,54.36242,13.65557,BODDENHECHT
BH-91523,0.013,0.009,0.869,0.109,GB,54.36242,13.65557,BODDENHECHT
BH-91527,0.149,0.094,0.696,0.06,GB,54.36242,13.65557,BODDENHECHT
BH-91529,0.033,0.079,0.783,0.106,GB,54.36188,13.65553,BODDENHECHT
BH-91530,0.007,0.004,0.173,0.817,GB,54.36175,13.68808,BODDENHECHT
BH-91531,0.022,0.014,0.143,0.82,GB,54.36175,13.68808,BODDENHECHT
BH-91532,0.007,0.007,0.958,0.027,GB,54.36242,13.65557,BODDENHECHT
BH-91533,0.048,0.028,0.371,0.553,GB,54.36242,13.65557,BODDENHECHT
BH-91535,0.012,0.015,0.847,0.126,GB,54.36188,13.65553,BODDENHECHT
BH-91536,0.014,0.009,0.941,0.037,GB,54.36188,13.65553,BODDENHECHT
BH-91537,0.005,0.005,0.103,0.887,GB,54.36242,13.65557,BODDENHECHT
BH-91538,0.013,0.009,0.36,0.618,GB,54.36175,13.68808,BODDENHECHT
BH-91538,0.013,0.009,0.36,0.618,GB,,,BODDENHECHT
BH-91539,0.51,0.051,0.102,0.338,GB,54.36188,13.65553,BODDENHECHT
BH-91541,0.008,0.007,0.246,0.74,GB,54.36242,13.65557,BODDENHECHT
BH-91542,0.019,0.05,0.849,0.081,GB,54.36188,13.65553,BODDENHECHT
BH-91542,0.019,0.05,0.849,0.081,GB,54.3603,13.6497,BODDENHECHT
BH-91543,0.022,0.024,0.451,0.503,GB,54.36242,13.65557,BODDENHECHT
BH-91543,0.022,0.024,0.451,0.503,KB,54.36264,13.6518,BODDENHECHT
BH-91544,0.347,0.576,0.05,0.028,GB,54.36188,13.65553,BODDENHECHT
BH-91591,0.075,0.029,0.113,0.782,GB,54.3692,13.69067,BODDENHECHT
BH-91598,0.005,0.004,0.085,0.906,GB,54.36362,13.68781,BODDENHECHT
BH-91602,0.145,0.041,0.162,0.652,GB,54.36232,13.68804,BODDENHECHT
BH-91604,0.075,0.023,0.486,0.417,GB,54.35879,13.65061,BODDENHECHT
BH-91611,0.019,0.017,0.93,0.034,GB,54.35879,13.65061,BODDENHECHT
BH-91623,0.093,0.043,0.317,0.547,GB,54.36811,13.68719,BODDENHECHT
BH-91624,0.007,0.005,0.139,0.849,GB,54.36214,13.64826,BODDENHECHT
BH-91630,0.005,0.004,0.08,0.911,GB,54.36365,13.65582,BODDENHECHT
BH-91631,0.075,0.025,0.431,0.47,GB,54.36188,13.65222,BODDENHECHT
BH-91632,0.012,0.01,0.231,0.747,GB,54.36865,13.68227,BODDENHECHT
BH-91635,0.008,0.005,0.458,0.529,GB,54.36948,13.68846,BODDENHECHT
BH-91650,0.069,0.02,0.196,0.715,GB,54.37,13.68391,BODDENHECHT
BH-91657,0.165,0.073,0.732,0.03,GB,54.3621,13.64831,BODDENHECHT
BH-91658,0.085,0.185,0.66,0.071,GB,54.36412,13.69585,BODDENHECHT
BH-91676,0.004,0.002,0.126,0.867,GB,54.37,13.68391,BODDENHECHT
BH-91677,0.015,0.011,0.89,0.085,GB,54.36865,13.68227,BODDENHECHT
BH-91683,0.043,0.019,0.348,0.589,GB,54.36214,13.64826,BODDENHECHT
BH-91686,0.007,0.006,0.956,0.031,GB,54.36042,13.64629,BODDENHECHT
BH-91691,0.025,0.031,0.89,0.054,GB,54.36214,13.64826,BODDENHECHT
BH-91695,0.013,0.009,0.217,0.76,GB,54.36249,13.689,BODDENHECHT
BH-91696,0.026,0.017,0.08,0.877,GB,54.36205,13.696,BODDENHECHT
BH-91696,0.026,0.017,0.08,0.877,GB,54.3653,13.6877,BODDENHECHT
BH-91697,0.04,0.023,0.265,0.671,GB,54.45128,13.19852,BODDENHECHT
BH-91699,0.051,0.015,0.169,0.765,GB,54.36188,13.65222,BODDENHECHT
BH-91702,0.017,0.026,0.912,0.045,GB,54.36188,13.65222,BODDENHECHT
BH-91705,0.237,0.048,0.393,0.321,GB,54.36042,13.64629,BODDENHECHT
BH-91720,0.053,0.012,0.176,0.759,GB,54.36579,13.68398,BODDENHECHT
BH-91722,0.308,0.055,0.543,0.095,GB,,,BODDENHECHT
BH-91722,0.308,0.055,0.543,0.095,GB,54.35959,13.64561,BODDENHECHT
BH-91724,0.566,0.248,0.135,0.051,GB,54.36255,13.65469,BODDENHECHT
BH-91737,0.008,0.017,0.9,0.075,GB,54.36188,13.65222,BODDENHECHT
BH-91752,0.011,0.012,0.086,0.89,GB,54.36255,13.65469,BODDENHECHT
BH-91756,0.039,0.039,0.114,0.808,GB,54.36365,13.65582,BODDENHECHT
BH-91765,0.008,0.004,0.697,0.291,GB,54.36111,13.64961,BODDENHECHT
BH-91765,0.008,0.004,0.697,0.291,GB,,,BODDENHECHT
BH-91765,0.009,0.003,0.68,0.307,GB,54.36111,13.64961,BODDENHECHT
BH-91765,0.009,0.003,0.68,0.307,GB,,,BODDENHECHT
BH-91768,0.029,0.016,0.193,0.762,GB,,,BODDENHECHT
BH-91772,0.021,0.01,0.218,0.751,GB,54.36865,13.68227,BODDENHECHT
BH-91774,0.019,0.014,0.15,0.817,GB,54.35879,13.65061,BODDENHECHT
BH-91778,0.02,0.014,0.338,0.628,GB,54.36278,13.69017,BODDENHECHT
BH-91778,0.02,0.014,0.338,0.628,GB,54.3653,13.6877,BODDENHECHT
BH-91782,0.018,0.006,0.566,0.411,GB,54.36188,13.65222,BODDENHECHT
BH-91786,0.013,0.021,0.937,0.029,GB,54.45075,13.19891,BODDENHECHT
BH-91789,0.095,0.063,0.139,0.703,GB,54.36412,13.69585,BODDENHECHT
BH-91789,0.07,0.034,0.144,0.753,GB,54.36412,13.69585,BODDENHECHT
BH-01596,0.029,0.01,0.629,0.333,GJB,,,BODDENHECHT
BH-01598,0.175,0.146,0.329,0.35,GJB,,,BODDENHECHT
BH-50281,0.007,0.005,0.084,0.903,GJB,,,BODDENHECHT
BH-50282,0.023,0.01,0.278,0.689,GJB,,,BODDENHECHT
BH-50283,0.016,0.017,0.205,0.762,GJB,,,BODDENHECHT
BH-50283,0.016,0.017,0.205,0.762,BEZ,,,BODDENHECHT
BH-50284,0.007,0.005,0.121,0.867,GJB,,,BODDENHECHT
BH-50285,0.018,0.007,0.546,0.429,GJB,,,BODDENHECHT
BH-50286,0.04,0.032,0.138,0.789,GJB,,,BODDENHECHT
BH-50287,0.128,0.058,0.347,0.468,GJB,,,BODDENHECHT
BH-50468,0.31,0.208,0.124,0.358,GJB,,,BODDENHECHT
BH-50469,0.09,0.069,0.336,0.505,GJB,,,BODDENHECHT
BH-50470,0.008,0.006,0.36,0.626,GJB,,,BODDENHECHT
BH-50498,0.007,0.007,0.95,0.037,GJB,,,BODDENHECHT
BH-50527,0.012,0.011,0.919,0.058,GJB,,,BODDENHECHT
BH-50528,0.018,0.012,0.096,0.874,GJB,,,BODDENHECHT
BH-50529,0.024,0.045,0.885,0.046,GJB,,,BODDENHECHT
BH-50531,0.052,0.127,0.73,0.091,GJB,,,BODDENHECHT
BH-50531,0.052,0.127,0.73,0.091,BEG,54.563633,13.361467,BODDENHECHT
BH-50532,0.017,0.014,0.089,0.88,GJB,,,BODDENHECHT
BH-51955,0.017,0.01,0.283,0.69,GJB,54.52235,13.48242,BODDENHECHT
BH-51955,0.017,0.01,0.283,0.69,BEG,,,BODDENHECHT
BH-51956,0.071,0.017,0.42,0.492,GJB,54.52283,13.34772,BODDENHECHT
BH-51956,0.071,0.017,0.42,0.492,BEG,54.5331,13.36948,BODDENHECHT
BH-51957,0.02,0.012,0.475,0.492,GJB,54.52175,13.34778,BODDENHECHT
BH-51958,0.296,0.031,0.36,0.312,GJB,54.52732,13.34988,BODDENHECHT
BH-51958,0.296,0.031,0.36,0.312,BEG,54.5331,13.36948,BODDENHECHT
BH-51959,0.11,0.029,0.354,0.507,GJB,54.52388,13.34918,BODDENHECHT
BH-51960,0.058,0.028,0.424,0.49,GJB,54.5242,13.34887,BODDENHECHT
BH-51960,0.058,0.028,0.424,0.49,BEG,54.53318,13.36948,BODDENHECHT
BH-90034,0.009,0.005,0.167,0.819,GJB,,,BODDENHECHT
BH-90034,0.009,0.005,0.167,0.819,GJB,54.50035,13.50351,BODDENHECHT
BH-90254,0.353,0.125,0.454,0.069,GJB,,,BODDENHECHT
BH-90255,0.016,0.01,0.142,0.832,GJB,,,BODDENHECHT
BH-90265,0.037,0.021,0.64,0.302,GJB,,,BODDENHECHT
BH-90273,0.087,0.033,0.277,0.603,GJB,,,BODDENHECHT
BH-90292,0.005,0.004,0.151,0.84,GJB,,,BODDENHECHT
BH-90292,0.005,0.004,0.151,0.84,BEZ,,,BODDENHECHT
BH-90295,0.215,0.064,0.675,0.046,GJB,,,BODDENHECHT
BH-90299,0.034,0.017,0.297,0.652,GJB,,,BODDENHECHT
BH-90300,0.866,0.073,0.03,0.032,GJB,,,BODDENHECHT
BH-01737,0.014,0.012,0.068,0.906,KB,,,BODDENHECHT
BH-01789,0.007,0.004,0.14,0.849,KB,,,BODDENHECHT
BH-01806,0.009,0.007,0.098,0.887,KB,,,BODDENHECHT
BH-01809,0.066,0.059,0.375,0.5,KB,,,BODDENHECHT
BH-01810,0.01,0.006,0.107,0.877,KB,,,BODDENHECHT
BH-01814,0.049,0.019,0.163,0.769,KB,,,BODDENHECHT
BH-01816,0.007,0.006,0.321,0.666,KB,,,BODDENHECHT
BH-01818,0.298,0.052,0.233,0.416,KB,,,BODDENHECHT
BH-01825,0.007,0.005,0.145,0.843,KB,,,BODDENHECHT
BH-01835,0.005,0.006,0.059,0.93,KB,,,BODDENHECHT
BH-01838,0.024,0.038,0.053,0.885,KB,,,BODDENHECHT
BH-01845,0.227,0.288,0.406,0.079,KB,,,BODDENHECHT
BH-01852,0.032,0.016,0.631,0.321,KB,,,BODDENHECHT
BH-01860,0.004,0.003,0.054,0.94,KB,,,BODDENHECHT
BH-01862,0.009,0.01,0.94,0.041,KB,,,BODDENHECHT
BH-01922,0.029,0.036,0.886,0.049,KB,,,BODDENHECHT
BH-91204,0.095,0.035,0.354,0.517,KB,,,BODDENHECHT
BH-91208,0.117,0.013,0.709,0.162,KB,,,BODDENHECHT
BH-91209,0.012,0.008,0.135,0.845,KB,,,BODDENHECHT
BH-91213,0.183,0.06,0.229,0.528,KB,,,BODDENHECHT
BH-91215,0.006,0.004,0.239,0.751,KB,,,BODDENHECHT
BH-91216,0.022,0.015,0.18,0.782,KB,,,BODDENHECHT
BH-91219,0.006,0.004,0.093,0.897,KB,,,BODDENHECHT
BH-91221,0.005,0.005,0.085,0.905,KB,,,BODDENHECHT
BH-91223,0.006,0.004,0.165,0.825,KB,,,BODDENHECHT
BH-91224,0.006,0.01,0.914,0.071,KB,,,BODDENHECHT
BH-91224,0.006,0.01,0.914,0.071,BAT,54.3924,12.6966,BODDENHECHT
BH-91227,0.005,0.003,0.136,0.855,KB,,,BODDENHECHT
BH-91231,0.005,0.005,0.938,0.053,KB,,,BODDENHECHT
BH-91233,0.006,0.006,0.953,0.034,KB,,,BODDENHECHT
BH-91238,0.201,0.02,0.263,0.517,KB,,,BODDENHECHT
BH-91241,0.09,0.028,0.383,0.499,KB,,,BODDENHECHT
BH-91254,0.058,0.037,0.19,0.716,KB,,,BODDENHECHT
BH-91260,0.016,0.008,0.204,0.773,KB,,,BODDENHECHT
BH-91268,0.009,0.015,0.565,0.411,KB,,,BODDENHECHT
BH-91268,0.009,0.015,0.565,0.411,KB,54.434667,13.1055,BODDENHECHT
BH-91268,0.009,0.015,0.565,0.411,KB,,,BODDENHECHT
BH-91277,0.009,0.004,0.206,0.78,KB,,,BODDENHECHT
BH-91279,0.108,0.434,0.348,0.11,KB,,,BODDENHECHT
BH-91280,0.03,0.013,0.192,0.765,KB,,,BODDENHECHT
BH-91282,0.018,0.013,0.24,0.729,KB,,,BODDENHECHT
BH-91282,0.018,0.013,0.24,0.729,KB,54.3785,13.1157,BODDENHECHT
BH-91289,0.04,0.025,0.305,0.63,KB,,,BODDENHECHT
BH-91289,0.04,0.025,0.305,0.63,SB,,,BODDENHECHT
BH-91289,0.04,0.025,0.305,0.63,SB,54.4613,13.1951,BODDENHECHT
BH-91289,0.04,0.025,0.305,0.63,KB,54.45976,13.19444,BODDENHECHT
BH-91310,0.064,0.041,0.677,0.218,KB,,,BODDENHECHT
BH-91310,0.064,0.041,0.677,0.218,SB,54.4548,13.1817,BODDENHECHT
BH-91316,0.007,0.005,0.135,0.853,KB,,,BODDENHECHT
BH-91317,0.017,0.03,0.728,0.225,KB,,,BODDENHECHT
BH-91318,0.007,0.005,0.193,0.795,KB,,,BODDENHECHT
BH-91325,0.072,0.046,0.532,0.35,KB,,,BODDENHECHT
BH-91329,0.005,0.007,0.951,0.036,KB,,,BODDENHECHT
BH-91332,0.01,0.006,0.279,0.704,KB,,,BODDENHECHT
BH-91333,0.055,0.016,0.418,0.51,KB,,,BODDENHECHT
BH-91335,0.016,0.107,0.8,0.077,KB,,,BODDENHECHT
BH-91359,0.018,0.038,0.763,0.181,KB,,,BODDENHECHT
BH-91359,0.018,0.038,0.763,0.181,KB,54.26531,13.09378,BODDENHECHT
BH-91360,0.017,0.011,0.213,0.759,KB,,,BODDENHECHT
BH-91366,0.007,0.006,0.1,0.888,KB,,,BODDENHECHT
BH-91368,0.013,0.008,0.139,0.839,KB,,,BODDENHECHT
BH-91368,0.013,0.008,0.139,0.839,SB,54.4637,13.196,BODDENHECHT
BH-91370,0.012,0.032,0.881,0.076,KB,,,BODDENHECHT
BH-91371,0.025,0.019,0.223,0.733,KB,,,BODDENHECHT
BH-91373,0.006,0.004,0.328,0.662,KB,,,BODDENHECHT
BH-91374,0.005,0.005,0.938,0.052,KB,,,BODDENHECHT
BH-91375,0.005,0.003,0.143,0.848,KB,,,BODDENHECHT
BH-91377,0.024,0.015,0.177,0.784,KB,,,BODDENHECHT
BH-91378,0.43,0.069,0.141,0.361,KB,,,BODDENHECHT
BH-91379,0.013,0.012,0.102,0.873,KB,,,BODDENHECHT
BH-91380,0.027,0.012,0.354,0.607,KB,,,BODDENHECHT
BH-91381,0.083,0.021,0.252,0.643,KB,,,BODDENHECHT
BH-91384,0.013,0.013,0.801,0.173,KB,,,BODDENHECHT
BH-00670,0.05,0.022,0.343,0.585,KB,,,BODDENHECHT
BH-00729,0.013,0.019,0.92,0.048,SB,,,BODDENHECHT
BH-00730,0.027,0.01,0.419,0.544,SB,,,BODDENHECHT
BH-00732,0.008,0.013,0.953,0.026,SB,,,BODDENHECHT
BH-01301,0.083,0.028,0.69,0.199,SB,,,BODDENHECHT
BH-01302,0.008,0.008,0.137,0.848,SB,,,BODDENHECHT
BH-01303,0.004,0.004,0.952,0.039,SB,,,BODDENHECHT
BH-01304,0.02,0.018,0.117,0.845,SB,,,BODDENHECHT
BH-01305,0.043,0.05,0.349,0.559,SB,,,BODDENHECHT
BH-01306,0.007,0.006,0.846,0.141,SB,,,BODDENHECHT
BH-01307,0.008,0.009,0.858,0.125,SB,,,BODDENHECHT
BH-01308,0.017,0.008,0.493,0.482,SB,,,BODDENHECHT
BH-01309,0.01,0.009,0.264,0.718,SB,,,BODDENHECHT
BH-01310,0.018,0.012,0.41,0.561,SB,,,BODDENHECHT
BH-01311,0.005,0.004,0.1,0.891,SB,,,BODDENHECHT
BH-01313,0.006,0.006,0.947,0.041,SB,,,BODDENHECHT
BH-01314,0.01,0.006,0.221,0.763,SB,,,BODDENHECHT
BH-01315,0.133,0.134,0.457,0.275,SB,,,BODDENHECHT
BH-01316,0.012,0.009,0.19,0.788,SB,,,BODDENHECHT
BH-01317,0.059,0.012,0.689,0.241,SB,,,BODDENHECHT
BH-01319,0.023,0.011,0.112,0.855,SB,,,BODDENHECHT
BH-01648,0.009,0.006,0.057,0.928,SB,54.44192,13.11645,BODDENHECHT
BH-01649,0.006,0.005,0.138,0.851,KB,54.44187,13.11563,BODDENHECHT
BH-02352,0.008,0.01,0.129,0.853,KB,54.43182,13.1118,BODDENHECHT
BH-02353,0.017,0.014,0.942,0.027,KB,54.43107,13.11275,BODDENHECHT
BH-02354,0.011,0.01,0.932,0.047,KB,54.43107,13.11275,BODDENHECHT
BH-02355,0.014,0.008,0.371,0.607,KB,54.43123,13.11072,BODDENHECHT
BH-02355,0.014,0.008,0.371,0.607,KB,54.4054,13.1791,BODDENHECHT
BH-02356,0.014,0.011,0.316,0.658,KB,54.4306,13.11273,BODDENHECHT
BH-02357,0.012,0.011,0.051,0.926,KB,54.43085,13.11057,BODDENHECHT
BH-02358,0.008,0.005,0.124,0.862,KB,54.43062,13.10987,BODDENHECHT
BH-02359,0.011,0.006,0.224,0.759,KB,54.43062,13.10987,BODDENHECHT
BH-02360,0.012,0.008,0.224,0.756,KB,54.4301,13.10883,BODDENHECHT
BH-02361,0.007,0.011,0.943,0.04,KB,54.42892,13.11273,BODDENHECHT
BH-02362,0.01,0.008,0.423,0.559,KB,54.42892,13.11273,BODDENHECHT
BH-02363,0.017,0.017,0.935,0.031,KB,54.42713,13.11105,BODDENHECHT
BH-02365,0.184,0.031,0.165,0.621,KB,54.43358,13.11173,BODDENHECHT
BH-02366,0.007,0.009,0.92,0.065,KB,54.42885,13.11232,BODDENHECHT
BH-02367,0.474,0.067,0.105,0.354,KB,54.42458,13.11532,BODDENHECHT
BH-02369,0.01,0.02,0.957,0.014,SB,54.50673,13.17098,BODDENHECHT
BH-02370,0.113,0.044,0.447,0.396,SB,54.50673,13.17098,BODDENHECHT
BH-02370,0.113,0.044,0.447,0.396,KB,54.50677,13.1525,BODDENHECHT
BH-02371,0.026,0.016,0.904,0.054,SB,54.50673,13.17098,BODDENHECHT
BH-02372,0.052,0.028,0.617,0.302,SB,54.50673,13.17098,BODDENHECHT
BH-02373,0.008,0.006,0.232,0.754,SB,54.50727,13.17058,BODDENHECHT
BH-02477,0.012,0.02,0.905,0.062,KB,54.41173,13.13353,BODDENHECHT
BH-02478,0.007,0.024,0.955,0.013,KB,54.41202,13.13525,BODDENHECHT
BH-02479,0.008,0.004,0.121,0.867,KB,54.4124,13.13338,BODDENHECHT
BH-02480,0.009,0.011,0.812,0.169,KB,54.41122,13.1316,BODDENHECHT
BH-02480,0.009,0.011,0.812,0.169,KB,54.4019,13.2067,BODDENHECHT
BH-02481,0.006,0.007,0.275,0.713,KB,54.40988,13.12963,BODDENHECHT
BH-02482,0.017,0.014,0.15,0.819,KB,54.40988,13.12963,BODDENHECHT
BH-02483,0.435,0.181,0.133,0.251,KB,54.41027,13.1276,BODDENHECHT
BH-02484,0.012,0.007,0.333,0.649,KB,54.42673,13.14155,BODDENHECHT
BH-02484,0.012,0.007,0.333,0.649,SB,,,BODDENHECHT
BH-02485,0.033,0.015,0.26,0.692,KB,54.42617,13.13985,BODDENHECHT
BH-02486,0.009,0.012,0.091,0.889,KB,54.42552,13.14145,BODDENHECHT
BH-02492,0.008,0.008,0.16,0.824,SB,54.50652,13.17052,BODDENHECHT
BH-02493,0.022,0.01,0.233,0.735,SB,54.50652,13.17052,BODDENHECHT
BH-02494,0.005,0.003,0.177,0.815,SB,54.50652,13.17052,BODDENHECHT
BH-02496,0.204,0.087,0.199,0.51,SB,54.50652,13.17052,BODDENHECHT
BH-02497,0.019,0.012,0.186,0.783,SB,54.50652,13.17052,BODDENHECHT
BH-50049,0.013,0.008,0.091,0.888,KB,,,BODDENHECHT
BH-50050,0.063,0.038,0.254,0.645,KB,,,BODDENHECHT
BH-50051,0.01,0.007,0.27,0.713,KB,,,BODDENHECHT
BH-50052,0.209,0.116,0.145,0.53,KB,,,BODDENHECHT
BH-50054,0.007,0.016,0.923,0.054,KB,,,BODDENHECHT
BH-50055,0.011,0.005,0.141,0.843,KB,,,BODDENHECHT
BH-50059,0.008,0.008,0.247,0.737,KB,,,BODDENHECHT
BH-50096,0.007,0.008,0.143,0.842,KB,,,BODDENHECHT
BH-50097,0.123,0.038,0.372,0.467,KB,,,BODDENHECHT
BH-50098,0.007,0.004,0.124,0.865,KB,,,BODDENHECHT
BH-50098,0.007,0.004,0.124,0.865,VB,,,BODDENHECHT
BH-50101,0.006,0.005,0.095,0.894,KB,,,BODDENHECHT
BH-50103,0.06,0.023,0.237,0.68,KB,,,BODDENHECHT
BH-50103,0.06,0.023,0.237,0.68,KB,54.4122,13.1505,BODDENHECHT
BH-50104,0.008,0.011,0.931,0.051,KB,,,BODDENHECHT
BH-50112,0.005,0.004,0.191,0.801,KB,,,BODDENHECHT
BH-50122,0.067,0.026,0.582,0.326,SB,,,BODDENHECHT
BH-50136,0.01,0.007,0.195,0.788,SB,,,BODDENHECHT
BH-50141,0.064,0.037,0.582,0.317,SB,,,BODDENHECHT
BH-50141,0.064,0.037,0.582,0.317,SB,54.50687,13.17103,BODDENHECHT
BH-50150,0.015,0.007,0.453,0.525,KB,,,BODDENHECHT
BH-50152,0.027,0.021,0.916,0.035,KB,,,BODDENHECHT
BH-90075,0.007,0.007,0.041,0.946,SB,,,BODDENHECHT
BH-90076,0.022,0.009,0.241,0.729,SB,,,BODDENHECHT
BH-90077,0.013,0.029,0.886,0.073,SB,,,BODDENHECHT
BH-90086,0.014,0.007,0.316,0.663,SB,,,BODDENHECHT
BH-90106,0.031,0.032,0.734,0.203,SB,,,BODDENHECHT
BH-90122,0.011,0.007,0.23,0.752,SB,,,BODDENHECHT
BH-90161,0.014,0.017,0.939,0.029,SB,,,BODDENHECHT
BH-90165,0.009,0.016,0.921,0.054,SB,,,BODDENHECHT
BH-90166,0.005,0.004,0.186,0.805,SB,,,BODDENHECHT
BH-90170,0.055,0.032,0.71,0.203,SB,,,BODDENHECHT
BH-90170,0.055,0.032,0.71,0.203,SB,54.483,13.248,BODDENHECHT
BH-90171,0.016,0.01,0.2,0.775,SB,,,BODDENHECHT
BH-90171,0.016,0.01,0.2,0.775,SB,,,BODDENHECHT
BH-90181,0.414,0.175,0.138,0.273,SB,,,BODDENHECHT
BH-90193,0.113,0.045,0.293,0.549,SB,,,BODDENHECHT
BH-90194,0.177,0.045,0.708,0.071,SB,,,BODDENHECHT
BH-90198,0.195,0.198,0.27,0.336,SB,,,BODDENHECHT
BH-90201,0.016,0.011,0.245,0.728,SB,,,BODDENHECHT
BH-90201,0.016,0.011,0.245,0.728,SB,,,BODDENHECHT
BH-90201,0.016,0.011,0.245,0.728,SB,54.4666,13.2123,BODDENHECHT
BH-90223,0.011,0.015,0.943,0.031,SB,,,BODDENHECHT
BH-90224,0.005,0.004,0.21,0.78,SB,,,BODDENHECHT
BH-90224,0.005,0.004,0.21,0.78,BEZ,54.5258,13.2981,BODDENHECHT
BH-90231,0.015,0.012,0.164,0.809,SB,,,BODDENHECHT
BH-90253,0.038,0.085,0.649,0.228,SB,,,BODDENHECHT
BH-90253,0.038,0.085,0.649,0.228,BAT,54.3736,12.7399,BODDENHECHT
BH-90257,0.02,0.019,0.239,0.722,SB,,,BODDENHECHT
BH-90259,0.007,0.004,0.153,0.836,SB,,,BODDENHECHT
BH-90261,0.027,0.009,0.477,0.486,SB,,,BODDENHECHT
BH-90267,0.118,0.055,0.248,0.58,SB,,,BODDENHECHT
BH-90268,0.264,0.08,0.265,0.391,SB,,,BODDENHECHT
BH-90268,0.264,0.08,0.265,0.391,SB,54.466,13.2119,BODDENHECHT
BH-90269,0.007,0.004,0.136,0.853,SB,,,BODDENHECHT
BH-90284,0.012,0.007,0.46,0.522,SB,,,BODDENHECHT
BH-90288,0.005,0.003,0.055,0.937,SB,,,BODDENHECHT
BH-90289,0.004,0.004,0.956,0.036,SB,,,BODDENHECHT
BH-90290,0.013,0.007,0.271,0.709,SB,,,BODDENHECHT
BH-90290,0.013,0.007,0.271,0.709,SB,,,BODDENHECHT
BH-90291,0.008,0.005,0.26,0.728,SB,,,BODDENHECHT
BH-90293,0.195,0.628,0.12,0.056,SB,,,BODDENHECHT
BH-90293,0.195,0.628,0.12,0.056,SB,,,BODDENHECHT
BH-90302,0.006,0.005,0.161,0.829,SB,,,BODDENHECHT
BH-90303,0.008,0.005,0.057,0.93,SB,,,BODDENHECHT
BH-90305,0.066,0.238,0.579,0.117,SB,,,BODDENHECHT
BH-90307,0.009,0.012,0.944,0.035,SB,,,BODDENHECHT
BH-90307,0.009,0.012,0.944,0.035,SB,,,BODDENHECHT
BH-90308,0.015,0.029,0.085,0.871,SB,,,BODDENHECHT
BH-90309,0.602,0.049,0.149,0.2,SB,,,BODDENHECHT
BH-90311,0.014,0.011,0.11,0.865,SB,,,BODDENHECHT
BH-90315,0.33,0.013,0.318,0.339,SB,,,BODDENHECHT
BH-90317,0.007,0.011,0.693,0.289,SB,,,BODDENHECHT
BH-90318,0.009,0.008,0.182,0.801,SB,,,BODDENHECHT
BH-90319,0.09,0.159,0.694,0.057,SB,,,BODDENHECHT
BH-90320,0.023,0.013,0.244,0.72,SB,,,BODDENHECHT
BH-90321,0.007,0.01,0.927,0.056,SB,,,BODDENHECHT
BH-90321,0.007,0.01,0.927,0.056,SB,54.455,13.203,BODDENHECHT
BH-90323,0.169,0.025,0.443,0.363,SB,,,BODDENHECHT
BH-90323,0.169,0.025,0.443,0.363,SB,54.4629,13.1912,BODDENHECHT
BH-90324,0.007,0.006,0.07,0.917,SB,,,BODDENHECHT
BH-90325,0.008,0.006,0.18,0.806,SB,,,BODDENHECHT
BH-90327,0.007,0.004,0.202,0.787,SB,,,BODDENHECHT
BH-90332,0.225,0.028,0.219,0.528,SB,,,BODDENHECHT
BH-90333,0.015,0.024,0.079,0.882,SB,,,BODDENHECHT
BH-90334,0.06,0.01,0.406,0.524,SB,,,BODDENHECHT
BH-90341,0.032,0.009,0.372,0.588,SB,,,BODDENHECHT
BH-90344,0.039,0.025,0.3,0.635,SB,,,BODDENHECHT
BH-90345,0.028,0.012,0.257,0.704,SB,,,BODDENHECHT
BH-90345,0.028,0.012,0.257,0.704,SB,54.4816,13.2441,BODDENHECHT
BH-90347,0.005,0.004,0.145,0.846,SB,,,BODDENHECHT
BH-90348,0.011,0.013,0.912,0.065,SB,,,BODDENHECHT
BH-90349,0.029,0.016,0.093,0.862,SB,,,BODDENHECHT
BH-90352,0.016,0.026,0.855,0.103,SB,,,BODDENHECHT
BH-90352,0.016,0.026,0.855,0.103,SB,54.4631,13.2208,BODDENHECHT
BH-90370,0.033,0.027,0.145,0.795,SB,,,BODDENHECHT
BH-90371,0.289,0.039,0.273,0.4,SB,,,BODDENHECHT
BH-90376,0.004,0.003,0.116,0.876,SB,,,BODDENHECHT
BH-90377,0.016,0.009,0.188,0.787,SB,,,BODDENHECHT
BH-90383,0.181,0.066,0.702,0.05,SB,,,BODDENHECHT
BH-90384,0.93,0.051,0.01,0.01,SB,,,BODDENHECHT
BH-90389,0.06,0.027,0.294,0.619,SB,,,BODDENHECHT
BH-90395,0.022,0.011,0.478,0.489,SB,,,BODDENHECHT
BH-90397,0.036,0.017,0.439,0.507,SB,,,BODDENHECHT
BH-90397,0.036,0.017,0.439,0.507,SB,54.4554,13.179,BODDENHECHT
BH-90400,0.015,0.043,0.916,0.025,SB,,,BODDENHECHT
BH-90400,0.015,0.043,0.916,0.025,SB,54.468,13.2289,BODDENHECHT
BH-90461,0.012,0.017,0.118,0.853,SB,,,BODDENHECHT
BH-90462,0.04,0.131,0.76,0.07,KB,,,BODDENHECHT
BH-90463,0.057,0.023,0.807,0.113,SB,,,BODDENHECHT
BH-90463,0.057,0.023,0.807,0.113,SB,54.4724,13.2285,BODDENHECHT
BH-90464,0.108,0.024,0.475,0.393,SB,,,BODDENHECHT
BH-90464,0.108,0.024,0.475,0.393,SB,54.45466,13.01773,BODDENHECHT
BH-90465,0.014,0.008,0.205,0.773,SB,,,BODDENHECHT
BH-90466,0.015,0.008,0.947,0.03,SB,,,BODDENHECHT
BH-90467,0.012,0.035,0.94,0.013,SB,,,BODDENHECHT
BH-90468,0.01,0.01,0.901,0.079,SB,,,BODDENHECHT
BH-90469,0.009,0.012,0.894,0.084,KB,,,BODDENHECHT
BH-90469,0.009,0.012,0.894,0.084,SB,54.4654,13.1955,BODDENHECHT
BH-90470,0.006,0.005,0.174,0.816,KB,,,BODDENHECHT
BH-90472,0.005,0.004,0.117,0.874,KB,,,BODDENHECHT
BH-90473,0.178,0.147,0.182,0.494,SB,,,BODDENHECHT
BH-90474,0.058,0.033,0.837,0.072,SB,,,BODDENHECHT
BH-90474,0.058,0.033,0.837,0.072,SB,54.4566,13.1847,BODDENHECHT
BH-90475,0.055,0.054,0.829,0.061,KB,,,BODDENHECHT
BH-90475,0.055,0.054,0.829,0.061,KB,54.416,13.178,BODDENHECHT
BH-90476,0.007,0.005,0.097,0.891,KB,,,BODDENHECHT
BH-90477,0.011,0.007,0.187,0.795,SB,,,BODDENHECHT
BH-90477,0.011,0.007,0.187,0.795,SB,54.459,13.2026,BODDENHECHT
BH-90478,0.024,0.009,0.157,0.81,SB,,,BODDENHECHT
BH-90478,0.024,0.009,0.157,0.81,SB,54.4546,13.1774,BODDENHECHT
BH-90479,0.006,0.005,0.198,0.791,SB,,,BODDENHECHT
BH-90481,0.024,0.012,0.937,0.026,SB,,,BODDENHECHT
BH-90482,0.187,0.265,0.297,0.251,SB,,,BODDENHECHT
BH-90483,0.229,0.127,0.195,0.449,SB,,,BODDENHECHT
BH-90483,0.229,0.127,0.195,0.449,SB,54.4467,13.1575,BODDENHECHT
BH-90484,0.037,0.015,0.369,0.579,SB,,,BODDENHECHT
BH-90485,0.034,0.024,0.111,0.831,SB,,,BODDENHECHT
BH-90485,0.034,0.024,0.111,0.831,KB,,,BODDENHECHT
BH-90486,0.012,0.007,0.21,0.771,SB,,,BODDENHECHT
BH-90486,0.012,0.007,0.21,0.771,KB,54.4105,13.0451,BODDENHECHT
BH-90487,0.017,0.012,0.906,0.066,SB,,,BODDENHECHT
BH-90488,0.015,0.013,0.103,0.869,SB,,,BODDENHECHT
BH-90489,0.006,0.005,0.047,0.941,SB,,,BODDENHECHT
BH-90489,0.006,0.005,0.047,0.941,SB,54.4621,13.1899,BODDENHECHT
BH-90490,0.006,0.004,0.226,0.765,SB,,,BODDENHECHT
BH-90490,0.006,0.004,0.226,0.765,SB,,,BODDENHECHT
BH-90491,0.041,0.016,0.376,0.567,SB,,,BODDENHECHT
BH-90493,0.117,0.02,0.361,0.502,SB,,,BODDENHECHT
BH-90494,0.015,0.012,0.095,0.878,SB,,,BODDENHECHT
BH-90495,0.039,0.026,0.24,0.695,SB,,,BODDENHECHT
BH-90496,0.016,0.007,0.124,0.853,SB,,,BODDENHECHT
BH-90497,0.023,0.021,0.409,0.547,SB,,,BODDENHECHT
BH-90498,0.007,0.005,0.135,0.853,SB,,,BODDENHECHT
BH-90499,0.03,0.01,0.366,0.594,SB,,,BODDENHECHT
BH-90501,0.051,0.078,0.747,0.124,KB,,,BODDENHECHT
BH-90502,0.017,0.01,0.374,0.599,SB,,,BODDENHECHT
BH-90503,0.049,0.02,0.81,0.121,SB,,,BODDENHECHT
BH-90505,0.007,0.005,0.093,0.895,SB,,,BODDENHECHT
BH-90507,0.803,0.019,0.068,0.11,SB,,,BODDENHECHT
BH-90507,0.803,0.019,0.068,0.11,SB,,,BODDENHECHT
BH-90508,0.021,0.019,0.914,0.045,SB,,,BODDENHECHT
BH-90509,0.053,0.031,0.453,0.463,SB,,,BODDENHECHT
BH-90510,0.006,0.004,0.278,0.713,KB,,,BODDENHECHT
BH-90511,0.041,0.034,0.857,0.068,SB,,,BODDENHECHT
BH-90512,0.008,0.006,0.442,0.545,SB,,,BODDENHECHT
BH-90512,0.008,0.006,0.442,0.545,BAT,54.39698,12.77362,BODDENHECHT
BH-90513,0.055,0.032,0.795,0.118,SB,,,BODDENHECHT
BH-90514,0.101,0.01,0.857,0.032,KB,,,BODDENHECHT
BH-90516,0.011,0.008,0.169,0.812,SB,,,BODDENHECHT
BH-90516,0.011,0.008,0.169,0.812,SB,54.4763,13.2587,BODDENHECHT
BH-90517,0.026,0.01,0.206,0.759,SB,,,BODDENHECHT
BH-90518,0.056,0.021,0.602,0.321,SB,,,BODDENHECHT
BH-90519,0.055,0.023,0.256,0.666,SB,,,BODDENHECHT
BH-90519,0.055,0.023,0.256,0.666,SB,,,BODDENHECHT
BH-90520,0.018,0.042,0.872,0.068,KB,,,BODDENHECHT
BH-90521,0.017,0.009,0.202,0.772,SB,,,BODDENHECHT
BH-90522,0.031,0.013,0.102,0.853,SB,,,BODDENHECHT
BH-90523,0.007,0.006,0.163,0.824,KB,,,BODDENHECHT
BH-90529,0.036,0.062,0.11,0.791,SB,,,BODDENHECHT
BH-90530,0.081,0.017,0.444,0.458,SB,,,BODDENHECHT
BH-90531,0.005,0.005,0.167,0.823,SB,,,BODDENHECHT
BH-90532,0.009,0.009,0.862,0.12,SB,,,BODDENHECHT
BH-90533,0.061,0.036,0.878,0.026,SB,,,BODDENHECHT
BH-90534,0.003,0.002,0.103,0.892,SB,,,BODDENHECHT
BH-90534,0.003,0.002,0.103,0.892,KB,54.44299,13.16039,BODDENHECHT
BH-90535,0.013,0.011,0.147,0.829,SB,,,BODDENHECHT
BH-90539,0.006,0.008,0.92,0.065,KB,,,BODDENHECHT
BH-90644,0.018,0.033,0.093,0.856,KB,,,BODDENHECHT
BH-90645,0.027,0.023,0.079,0.871,SB,,,BODDENHECHT
BH-90647,0.031,0.131,0.649,0.189,KB,,,BODDENHECHT
BH-90648,0.009,0.007,0.114,0.87,KB,,,BODDENHECHT
BH-90648,0.009,0.007,0.114,0.87,SB,54.507,13.1705,BODDENHECHT
BH-90651,0.061,0.167,0.589,0.183,KB,,,BODDENHECHT
BH-90651,0.061,0.167,0.589,0.183,SB,54.46527,13.19517,BODDENHECHT
BH-90652,0.131,0.028,0.368,0.473,KB,,,BODDENHECHT
BH-90653,0.004,0.004,0.933,0.058,KB,,,BODDENHECHT
BH-90653,0.004,0.004,0.933,0.058,SB,54.4543,13.1818,BODDENHECHT
BH-90654,0.076,0.029,0.514,0.381,SB,,,BODDENHECHT
BH-90656,0.019,0.017,0.439,0.524,KB,,,BODDENHECHT
BH-90656,0.019,0.017,0.439,0.524,SB,54.4574,13.1243,BODDENHECHT
BH-90657,0.039,0.052,0.722,0.187,KB,,,BODDENHECHT
BH-90658,0.037,0.052,0.214,0.698,KB,,,BODDENHECHT
BH-90660,0.054,0.189,0.725,0.032,KB,,,BODDENHECHT
BH-90661,0.16,0.16,0.175,0.504,KB,,,BODDENHECHT
BH-90663,0.007,0.008,0.898,0.086,KB,,,BODDENHECHT
BH-90663,0.007,0.008,0.898,0.086,SB,54.4478,13.1513,BODDENHECHT
BH-90664,0.02,0.01,0.911,0.059,KB,,,BODDENHECHT
BH-90664,0.02,0.01,0.911,0.059,SB,54.4745,13.2341,BODDENHECHT
BH-90665,0.006,0.004,0.108,0.882,KB,,,BODDENHECHT
BH-90665,0.006,0.004,0.108,0.882,SB,54.4477,13.1484,BODDENHECHT
BH-90704,0.023,0.033,0.185,0.759,SB,,,BODDENHECHT
BH-90704,0.023,0.033,0.185,0.759,KB,54.45537,13.20315,BODDENHECHT
BH-90707,0.148,0.145,0.236,0.471,KB,,,BODDENHECHT
BH-90713,0.004,0.003,0.111,0.882,KB,,,BODDENHECHT
BH-90714,0.011,0.015,0.706,0.268,SB,,,BODDENHECHT
BH-90715,0.01,0.011,0.205,0.774,KB,,,BODDENHECHT
BH-90719,0.011,0.006,0.209,0.774,KB,,,BODDENHECHT
BH-90771,0.016,0.015,0.914,0.055,SB,,,BODDENHECHT
BH-90772,0.024,0.008,0.544,0.424,SB,,,BODDENHECHT
BH-90779,0.018,0.024,0.795,0.163,SB,,,BODDENHECHT
BH-90783,0.006,0.005,0.938,0.052,SB,,,BODDENHECHT
BH-90783,0.006,0.005,0.938,0.052,SB,54.50705,13.16997,BODDENHECHT
BH-90785,0.78,0.008,0.087,0.125,SB,,,BODDENHECHT
BH-90788,0.055,0.018,0.599,0.328,SB,,,BODDENHECHT
BH-90791,0.016,0.019,0.93,0.034,SB,,,BODDENHECHT
BH-90792,0.009,0.005,0.306,0.68,SB,,,BODDENHECHT
BH-90792,0.009,0.005,0.306,0.68,SB,54.4485,13.1657,BODDENHECHT
BH-90794,0.026,0.04,0.681,0.252,SB,,,BODDENHECHT
BH-90799,0.014,0.008,0.29,0.688,SB,,,BODDENHECHT
BH-90800,0.206,0.036,0.65,0.108,SB,,,BODDENHECHT
BH-90805,0.012,0.011,0.95,0.028,SB,,,BODDENHECHT
BH-90806,0.092,0.185,0.638,0.085,SB,,,BODDENHECHT
BH-01741,0.09,0.877,0.016,0.017,KD,,,BODDENHECHT
BH-01772,0.143,0.822,0.018,0.017,KD,,,BODDENHECHT
BH-01774,0.015,0.979,0.003,0.003,KD,,,BODDENHECHT
BH-01776,0.128,0.855,0.009,0.008,KD,,,BODDENHECHT
BH-01876,0.009,0.98,0.006,0.006,KD,,,BODDENHECHT
BH-01588,0.022,0.029,0.069,0.881,KJB,,,BODDENHECHT
BH-90005,0.411,0.098,0.192,0.299,KJB,,,BODDENHECHT
BH-90007,0.934,0.042,0.011,0.012,KJB,,,BODDENHECHT
BH-90014,0.889,0.085,0.013,0.013,KJB,,,BODDENHECHT
BH-90021,0.013,0.008,0.273,0.706,KJB,,,BODDENHECHT
BH-90021,0.013,0.008,0.273,0.706,GJB,54.4805,13.5026,BODDENHECHT
BH-90025,0.115,0.131,0.668,0.087,KJB,,,BODDENHECHT
BH-90051,0.01,0.026,0.949,0.015,KJB,,,BODDENHECHT
BH-90051,0.01,0.026,0.949,0.015,GJB,54.492,13.4491,BODDENHECHT
BH-90837,0.434,0.533,0.014,0.019,KWB,,,BODDENHECHT
BH-90932,0.039,0.949,0.007,0.005,KWB,,,BODDENHECHT
BH-90962,0.016,0.963,0.013,0.007,KWB,,,BODDENHECHT
BH-91006,0.024,0.945,0.018,0.013,KWB,,,BODDENHECHT
BH-91006,0.024,0.945,0.018,0.013,SAB,,,BODDENHECHT
BH-91006,0.024,0.945,0.018,0.013,SAB,54.25474,12.43034,BODDENHECHT
BH-91018,0.124,0.798,0.046,0.031,KWB,,,BODDENHECHT
BH-91020,0.272,0.567,0.109,0.052,KWB,,,BODDENHECHT
BH-91044,0.011,0.98,0.004,0.004,KWB,,,BODDENHECHT
BH-91078,0.022,0.964,0.007,0.007,KWB,,,BODDENHECHT
BH-91078,0.022,0.964,0.007,0.007,SAB,54.2547,12.4303,BODDENHECHT
BH-91079,0.013,0.972,0.009,0.006,KWB,,,BODDENHECHT
BH-91104,0.085,0.887,0.015,0.013,KWB,,,BODDENHECHT
BH-91163,0.03,0.937,0.019,0.013,KWB,,,BODDENHECHT
BH-91163,0.03,0.937,0.019,0.013,KWB,54.2521,12.3974,BODDENHECHT
BH-91185,0.424,0.546,0.019,0.011,KWB,,,BODDENHECHT
BH-90885,0.024,0.95,0.016,0.011,NHG,,,BODDENHECHT
BH-90891,0.384,0.432,0.139,0.045,NHG,,,BODDENHECHT
BH-90910,0.072,0.89,0.02,0.018,NHG,,,BODDENHECHT
BH-91049,0.053,0.907,0.023,0.017,NHG,,,BODDENHECHT
BH-91077,0.702,0.181,0.098,0.019,NHG,,,BODDENHECHT
BH-91100,0.344,0.583,0.032,0.041,NHG,,,BODDENHECHT
BH-91103,0.015,0.939,0.03,0.016,NHG,,,BODDENHECHT
BH-91117,0.022,0.791,0.134,0.054,NHG,,,BODDENHECHT
BH-91149,0.852,0.116,0.018,0.014,NHG,,,BODDENHECHT
BH-91328,0.012,0.974,0.008,0.006,NHG,,,BODDENHECHT
BH-00554,0.159,0.822,0.01,0.009,P,,,BODDENHECHT
BH-00554,0.159,0.822,0.01,0.009,Peene,,,BODDENHECHT
BH-00555,0.791,0.156,0.024,0.028,P,,,BODDENHECHT
BH-00555,0.791,0.156,0.024,0.028,Peene,,,BODDENHECHT
BH-00997,0.918,0.058,0.012,0.012,P,,,BODDENHECHT
BH-50922,0.475,0.504,0.011,0.01,P,,,BODDENHECHT
BH-50974,0.163,0.808,0.017,0.011,P,,,BODDENHECHT
BH-50975,0.024,0.938,0.021,0.017,P,,,BODDENHECHT
BH-50976,0.655,0.265,0.062,0.019,P,,,BODDENHECHT
BH-50978,0.183,0.802,0.007,0.007,P,,,BODDENHECHT
BH-50979,0.964,0.026,0.005,0.005,P,,,BODDENHECHT
BH-50980,0.015,0.972,0.008,0.006,P,,,BODDENHECHT
BH-50981,0.899,0.08,0.012,0.009,P,,,BODDENHECHT
BH-50982,0.222,0.765,0.007,0.006,P,,,BODDENHECHT
BH-50983,0.362,0.616,0.011,0.01,P,,,BODDENHECHT
BH-50984,0.49,0.474,0.016,0.02,P,,,BODDENHECHT
BH-50985,0.844,0.125,0.017,0.014,P,,,BODDENHECHT
BH-50993,0.418,0.573,0.005,0.005,P,,,BODDENHECHT
BH-50994,0.646,0.335,0.011,0.008,P,,,BODDENHECHT
BH-50995,0.081,0.879,0.022,0.019,P,,,BODDENHECHT
BH-50996,0.9,0.087,0.006,0.007,P,,,BODDENHECHT
BH-50997,0.513,0.464,0.011,0.011,P,,,BODDENHECHT
BH-50998,0.876,0.09,0.016,0.018,P,,,BODDENHECHT
BH-50999,0.918,0.038,0.028,0.016,P,,,BODDENHECHT
BH-51077,0.01,0.981,0.005,0.004,P,53.88965,13.91735,BODDENHECHT
BH-51078,0.064,0.91,0.013,0.013,P,53.88892,13.91771,BODDENHECHT
BH-51079,0.031,0.948,0.012,0.01,P,53.88892,13.91713,BODDENHECHT
BH-51080,0.571,0.414,0.009,0.006,P,53.89013,13.91883,BODDENHECHT
BH-51080,0.571,0.414,0.009,0.006,P,53.888983,13.9175,BODDENHECHT
BH-51081,0.021,0.937,0.023,0.019,P,53.8909,13.91942,BODDENHECHT
BH-51082,0.029,0.952,0.009,0.009,P,53.8909,13.91942,BODDENHECHT
BH-51084,0.324,0.657,0.01,0.009,P,53.89047,13.91982,BODDENHECHT
BH-51085,0.039,0.932,0.016,0.014,P,53.85768,13.82243,BODDENHECHT
BH-51086,0.019,0.972,0.005,0.004,P,53.85822,13.82507,BODDENHECHT
BH-51944,0.476,0.513,0.006,0.006,P,54.03492,13.75358,BODDENHECHT
BH-90071,0.941,0.016,0.022,0.02,P,,,BODDENHECHT
BH-90072,0.005,0.006,0.967,0.022,P,,,BODDENHECHT
BH-90109,0.148,0.823,0.018,0.011,P,,,BODDENHECHT
BH-90114,0.198,0.768,0.021,0.013,P,,,BODDENHECHT
BH-90114,0.198,0.768,0.021,0.013,P,,,BODDENHECHT
BH-90159,0.945,0.038,0.01,0.007,P,,,BODDENHECHT
BH-90174,0.055,0.698,0.189,0.058,P,,,BODDENHECHT
BH-90186,0.502,0.487,0.006,0.006,P,,,BODDENHECHT
BH-90189,0.054,0.918,0.012,0.016,P,,,BODDENHECHT
BH-90191,0.96,0.013,0.019,0.007,P,,,BODDENHECHT
BH-90191,0.96,0.013,0.019,0.007,P,,,BODDENHECHT
BH-90195,0.941,0.036,0.015,0.009,P,,,BODDENHECHT
BH-90195,0.941,0.036,0.015,0.009,P,,,BODDENHECHT
BH-90200,0.813,0.095,0.065,0.026,P,,,BODDENHECHT
BH-90204,0.083,0.903,0.007,0.008,P,,,BODDENHECHT
BH-90204,0.083,0.903,0.007,0.008,P,,,BODDENHECHT
BH-90204,0.083,0.903,0.007,0.008,P,,,BODDENHECHT
BH-90213,0.025,0.962,0.007,0.006,P,,,BODDENHECHT
BH-90225,0.048,0.935,0.008,0.009,P,,,BODDENHECHT
BH-90232,0.965,0.024,0.007,0.005,P,,,BODDENHECHT
BH-90237,0.902,0.084,0.008,0.006,P,,,BODDENHECHT
BH-90335,0.728,0.227,0.027,0.018,P,,,BODDENHECHT
BH-90338,0.177,0.806,0.009,0.008,P,,,BODDENHECHT
BH-90343,0.182,0.8,0.009,0.009,P,,,BODDENHECHT
BH-90346,0.579,0.401,0.011,0.009,P,,,BODDENHECHT
BH-90354,0.918,0.059,0.013,0.01,P,,,BODDENHECHT
BH-90355,0.016,0.974,0.005,0.005,P,,,BODDENHECHT
BH-90359,0.953,0.021,0.013,0.013,P,,,BODDENHECHT
BH-90365,0.371,0.582,0.021,0.026,P,,,BODDENHECHT
BH-90367,0.242,0.743,0.007,0.008,P,,,BODDENHECHT
BH-90367,0.242,0.743,0.007,0.008,P,,,BODDENHECHT
BH-90368,0.025,0.961,0.008,0.007,P,,,BODDENHECHT
BH-90369,0.125,0.729,0.072,0.075,P,,,BODDENHECHT
BH-90379,0.008,0.985,0.004,0.004,P,,,BODDENHECHT
BH-90380,0.019,0.963,0.01,0.008,P,,,BODDENHECHT
BH-90385,0.954,0.02,0.016,0.011,P,,,BODDENHECHT
BH-90387,0.041,0.927,0.018,0.014,P,,,BODDENHECHT
BH-90390,0.928,0.064,0.004,0.004,P,,,BODDENHECHT
BH-90391,0.972,0.02,0.004,0.004,P,,,BODDENHECHT
BH-90399,0.013,0.975,0.007,0.005,P,,,BODDENHECHT
BH-90416,0.274,0.71,0.009,0.008,P,,,BODDENHECHT
BH-90426,0.008,0.985,0.004,0.004,P,,,BODDENHECHT
BH-90432,0.073,0.895,0.017,0.015,P,,,BODDENHECHT
BH-90480,0.088,0.885,0.015,0.013,P,,,BODDENHECHT
BH-90492,0.023,0.968,0.005,0.004,P,,,BODDENHECHT
BH-90504,0.422,0.562,0.009,0.006,P,,,BODDENHECHT
BH-90515,0.013,0.977,0.005,0.005,P,,,BODDENHECHT
BH-90524,0.011,0.98,0.005,0.004,P,,,BODDENHECHT
BH-90525,0.145,0.837,0.008,0.01,P,,,BODDENHECHT
BH-90527,0.959,0.029,0.006,0.006,P,,,BODDENHECHT
BH-90527,0.959,0.029,0.006,0.006,P,54.0852,13.7944,BODDENHECHT
BH-90528,0.013,0.978,0.005,0.005,P,,,BODDENHECHT
BH-90528,0.013,0.978,0.005,0.005,O,53.8443,13.8563,BODDENHECHT
BH-90581,0.079,0.91,0.006,0.006,P,,,BODDENHECHT
BH-90587,0.362,0.626,0.006,0.007,P,,,BODDENHECHT
BH-90601,0.078,0.903,0.011,0.008,P,,,BODDENHECHT
BH-90601,0.078,0.903,0.011,0.008,P,53.9809,13.8993,BODDENHECHT
BH-90668,0.05,0.905,0.027,0.018,P,,,BODDENHECHT
BH-90728,0.013,0.977,0.005,0.005,P,,,BODDENHECHT
BH-00355,0.011,0.982,0.004,0.003,Peene,54.381989,13.267211,BODDENHECHT
BH-00424,0.153,0.803,0.023,0.021,Peene,53.892602,13.021617,BODDENHECHT
BH-00445,0.96,0.031,0.005,0.004,Peene,53.8928567,13.0276696,BODDENHECHT
BH-00561,0.349,0.641,0.006,0.005,Peene,,,BODDENHECHT
BH-90006,0.052,0.935,0.006,0.006,Peene,,,BODDENHECHT
BH-90006,0.052,0.935,0.006,0.006,Peene,53.872,12.9323,BODDENHECHT
BH-90008,0.367,0.62,0.006,0.007,Peene,,,BODDENHECHT
BH-90010,0.639,0.35,0.005,0.005,Peene,,,BODDENHECHT
BH-90013,0.011,0.983,0.003,0.003,Peene,,,BODDENHECHT
BH-90022,0.888,0.092,0.01,0.011,Peene,53.92109,13.36772,BODDENHECHT
BH-90023,0.028,0.963,0.004,0.004,Peene,,,BODDENHECHT
BH-90024,0.121,0.866,0.006,0.007,Peene,,,BODDENHECHT
BH-90026,0.061,0.926,0.007,0.007,Peene,,,BODDENHECHT
BH-90029,0.102,0.882,0.007,0.009,Peene,,,BODDENHECHT
BH-90029,0.102,0.882,0.007,0.009,Peene,,,BODDENHECHT
BH-90030,0.031,0.958,0.005,0.006,Peene,,,BODDENHECHT
BH-90031,0.718,0.273,0.004,0.005,Peene,,,BODDENHECHT
BH-90036,0.073,0.915,0.006,0.005,Peene,53.92109,13.36772,BODDENHECHT
BH-90036,0.073,0.915,0.006,0.005,P,53.9245,13.35035,BODDENHECHT
BH-90038,0.195,0.789,0.008,0.007,Peene,,,BODDENHECHT
BH-90039,0.618,0.373,0.004,0.005,Peene,53.92109,13.36772,BODDENHECHT
BH-90041,0.108,0.855,0.02,0.017,Peene,53.92109,13.36772,BODDENHECHT
BH-90042,0.012,0.978,0.006,0.005,Peene,53.86111,13.64957,BODDENHECHT
BH-90045,0.247,0.742,0.006,0.005,Peene,,,BODDENHECHT
BH-90047,0.062,0.917,0.012,0.01,Peene,53.92109,13.36772,BODDENHECHT
BH-90048,0.158,0.822,0.011,0.009,Peene,53.92109,13.36772,BODDENHECHT
BH-90054,0.049,0.942,0.005,0.004,Peene,53.86732,13.62226,BODDENHECHT
BH-90056,0.114,0.875,0.006,0.005,Peene,53.86732,13.62226,BODDENHECHT
BH-90057,0.245,0.743,0.006,0.006,Peene,53.92109,13.36772,BODDENHECHT
BH-90059,0.087,0.887,0.014,0.012,Peene,53.92109,13.36772,BODDENHECHT
BH-90060,0.076,0.908,0.008,0.008,Peene,53.86111,13.64957,BODDENHECHT
BH-90061,0.522,0.468,0.005,0.005,Peene,53.86732,13.62226,BODDENHECHT
BH-90062,0.063,0.908,0.016,0.013,Peene,53.92109,13.36772,BODDENHECHT
BH-90065,0.309,0.679,0.005,0.006,Peene,53.92109,13.36772,BODDENHECHT
BH-90067,0.802,0.182,0.008,0.008,Peene,53.86732,13.62226,BODDENHECHT
BH-90068,0.276,0.709,0.007,0.008,Peene,53.86732,13.62226,BODDENHECHT
BH-90069,0.44,0.528,0.017,0.014,Peene,53.92109,13.36772,BODDENHECHT
BH-90070,0.024,0.947,0.017,0.012,Peene,53.92109,13.36772,BODDENHECHT
BH-90087,0.034,0.945,0.008,0.012,Peene,53.86732,13.62226,BODDENHECHT
BH-90090,0.305,0.668,0.013,0.013,Peene,53.86732,13.62226,BODDENHECHT
BH-91540,0.017,0.97,0.007,0.006,Recknitz,54.24626,12.47407,BODDENHECHT
BH-91548,0.025,0.963,0.007,0.005,Recknitz,54.24626,12.47407,BODDENHECHT
BH-91548,0.025,0.963,0.007,0.005,Recknitz,54.25046,12.46974,BODDENHECHT
BH-91548,0.025,0.963,0.007,0.005,Recknitz,54.2429,12.4895,BODDENHECHT
BH-91548,0.023,0.965,0.007,0.005,Recknitz,54.24626,12.47407,BODDENHECHT
BH-91548,0.023,0.965,0.007,0.005,Recknitz,54.25046,12.46974,BODDENHECHT
BH-91548,0.023,0.965,0.007,0.005,Recknitz,54.2429,12.4895,BODDENHECHT
BH-91562,0.927,0.036,0.019,0.019,Recknitz,54.24626,12.47407,BODDENHECHT
BH-92992,0.037,0.945,0.01,0.008,Recknitz,54.24626,12.47407,BODDENHECHT
BH-92999,0.012,0.98,0.004,0.004,Recknitz,54.24626,12.47407,BODDENHECHT
BH-93000,0.423,0.548,0.015,0.014,Recknitz,54.24626,12.47407,BODDENHECHT
BH-93001,0.073,0.909,0.009,0.009,Recknitz,54.24626,12.47407,BODDENHECHT
BH-93004,0.017,0.957,0.014,0.012,Recknitz,54.24626,12.47407,BODDENHECHT
BH-93008,0.697,0.284,0.009,0.01,Recknitz,54.24626,12.47407,BODDENHECHT
BH-93010,0.024,0.959,0.009,0.008,Recknitz,54.24626,12.47407,BODDENHECHT
BH-93011,0.017,0.958,0.016,0.008,Recknitz,54.24626,12.47407,BODDENHECHT
BH-93012,0.113,0.874,0.007,0.006,Recknitz,54.24626,12.47407,BODDENHECHT
BH-93016,0.039,0.954,0.004,0.003,Recknitz,54.24626,12.47407,BODDENHECHT
BH-93017,0.716,0.239,0.026,0.019,Recknitz,54.24626,12.47407,BODDENHECHT
BH-93018,0.027,0.943,0.018,0.011,Recknitz,54.24626,12.47407,BODDENHECHT
BH-93019,0.048,0.933,0.012,0.007,Recknitz,54.24626,12.47407,BODDENHECHT
BH-93020,0.016,0.959,0.014,0.011,Recknitz,54.24626,12.47407,BODDENHECHT
BH-93022,0.022,0.967,0.005,0.005,Recknitz,54.24626,12.47407,BODDENHECHT
BH-93023,0.059,0.845,0.061,0.036,Recknitz,54.24626,12.47407,BODDENHECHT
BH-93024,0.027,0.949,0.014,0.01,Recknitz,54.24626,12.47407,BODDENHECHT
BH-93025,0.479,0.48,0.023,0.017,Recknitz,54.24626,12.47407,BODDENHECHT
BH-93026,0.021,0.96,0.011,0.008,Recknitz,54.24626,12.47407,BODDENHECHT
BH-93027,0.014,0.972,0.007,0.006,Recknitz,54.24626,12.47407,BODDENHECHT
BH-93028,0.026,0.96,0.009,0.005,Recknitz,54.24626,12.47407,BODDENHECHT
BH-93029,0.273,0.708,0.009,0.01,Recknitz,54.24626,12.47407,BODDENHECHT
BH-93030,0.042,0.93,0.017,0.012,Recknitz,54.24626,12.47407,BODDENHECHT
BH-93031,0.014,0.962,0.013,0.011,Recknitz,54.24626,12.47407,BODDENHECHT
BH-93032,0.092,0.856,0.028,0.024,Recknitz,54.24626,12.47407,BODDENHECHT
BH-93033,0.01,0.981,0.004,0.004,Recknitz,54.24626,12.47407,BODDENHECHT
BH-93035,0.01,0.982,0.004,0.004,Recknitz,54.24626,12.47407,BODDENHECHT
BH-93037,0.06,0.809,0.092,0.039,Recknitz,54.24626,12.47407,BODDENHECHT
BH-93038,0.024,0.962,0.007,0.007,Recknitz,54.24626,12.47407,BODDENHECHT
BH-93040,0.021,0.946,0.021,0.012,Recknitz,54.24626,12.47407,BODDENHECHT
BH-93042,0.029,0.891,0.058,0.022,Recknitz,54.24626,12.47407,BODDENHECHT
BH-93043,0.251,0.73,0.01,0.009,Recknitz,54.24626,12.47407,BODDENHECHT
BH-93057,0.964,0.026,0.005,0.004,Recknitz,54.25046,12.46974,BODDENHECHT
BH-93059,0.016,0.975,0.005,0.005,Recknitz,54.25046,12.46974,BODDENHECHT
BH-93061,0.184,0.799,0.009,0.008,Sehrowbach,54.38207,13.2674,BODDENHECHT
BH-93061,0.184,0.799,0.009,0.008,Sehrowbach,54.38204,13.26726,BODDENHECHT
BH-93072,0.026,0.966,0.004,0.004,Recknitz,54.25046,12.46974,BODDENHECHT
BH-93074,0.068,0.902,0.019,0.012,Recknitz,54.25046,12.46974,BODDENHECHT
BH-93083,0.942,0.026,0.015,0.017,Recknitz,54.25046,12.46974,BODDENHECHT
BH-93103,0.015,0.975,0.005,0.005,Recknitz,54.25046,12.46974,BODDENHECHT
BH-93113,0.02,0.959,0.011,0.01,Recknitz,54.25046,12.46974,BODDENHECHT
BH-93125,0.016,0.972,0.006,0.006,Recknitz,54.25046,12.46974,BODDENHECHT
BH-93125,0.016,0.972,0.006,0.006,SAB,54.2557,12.4316,BODDENHECHT
BH-93127,0.015,0.971,0.008,0.006,Recknitz,54.25046,12.46974,BODDENHECHT
BH-93129,0.044,0.887,0.042,0.028,Recknitz,54.25046,12.46974,BODDENHECHT
BH-01713,0.015,0.022,0.804,0.16,SB,,,BODDENHECHT
BH-01719,0.383,0.031,0.232,0.354,SB,,,BODDENHECHT
BH-01731,0.165,0.065,0.248,0.522,SB,,,BODDENHECHT
BH-01738,0.006,0.005,0.172,0.816,SB,,,BODDENHECHT
BH-01802,0.06,0.015,0.236,0.689,SB,,,BODDENHECHT
BH-01803,0.048,0.027,0.171,0.754,SB,,,BODDENHECHT
BH-01811,0.076,0.141,0.686,0.098,SB,,,BODDENHECHT
BH-01812,0.005,0.004,0.291,0.7,SB,,,BODDENHECHT
BH-01813,0.01,0.006,0.267,0.717,SB,,,BODDENHECHT
BH-01821,0.011,0.009,0.207,0.774,SB,,,BODDENHECHT
BH-01824,0.008,0.008,0.067,0.918,SB,,,BODDENHECHT
BH-01828,0.065,0.038,0.836,0.061,SB,,,BODDENHECHT
BH-01833,0.096,0.073,0.294,0.537,SB,,,BODDENHECHT
BH-01837,0.008,0.016,0.899,0.076,SB,,,BODDENHECHT
BH-01839,0.024,0.026,0.919,0.031,SB,,,BODDENHECHT
BH-01848,0.031,0.014,0.172,0.784,SB,,,BODDENHECHT
BH-01851,0.027,0.018,0.225,0.73,SB,,,BODDENHECHT
BH-01856,0.009,0.008,0.949,0.033,SB,,,BODDENHECHT
BH-01858,0.141,0.138,0.59,0.131,SB,,,BODDENHECHT
BH-01863,0.801,0.022,0.084,0.094,SB,,,BODDENHECHT
BH-01867,0.012,0.011,0.206,0.771,SB,,,BODDENHECHT
BH-01868,0.017,0.009,0.468,0.507,SB,,,BODDENHECHT
BH-01869,0.006,0.005,0.224,0.765,SB,,,BODDENHECHT
BH-01871,0.056,0.015,0.331,0.597,SB,,,BODDENHECHT
BH-01872,0.049,0.331,0.37,0.25,SB,,,BODDENHECHT
BH-01906,0.021,0.02,0.214,0.745,SB,,,BODDENHECHT
BH-90865,0.017,0.013,0.166,0.803,SB,,,BODDENHECHT
BH-90903,0.007,0.004,0.1,0.889,SB,,,BODDENHECHT
BH-90920,0.014,0.02,0.194,0.771,SB/KB,,,BODDENHECHT
BH-90944,0.025,0.015,0.874,0.086,SB,,,BODDENHECHT
BH-90948,0.007,0.01,0.8,0.183,SB/KB,,,BODDENHECHT
BH-90968,0.008,0.022,0.662,0.308,SB,,,BODDENHECHT
BH-90974,0.009,0.005,0.247,0.738,SB,,,BODDENHECHT
BH-91005,0.008,0.014,0.755,0.223,SB,,,BODDENHECHT
BH-91033,0.028,0.006,0.398,0.568,SB,,,BODDENHECHT
BH-91035,0.007,0.007,0.132,0.854,SB,,,BODDENHECHT
BH-91035,0.007,0.007,0.132,0.854,BAT,,,BODDENHECHT
BH-91036,0.041,0.081,0.651,0.227,SB,,,BODDENHECHT
BH-91036,0.041,0.081,0.651,0.227,KB,54.4182,13.1828,BODDENHECHT
BH-91043,0.011,0.005,0.458,0.526,SB,,,BODDENHECHT
BH-91066,0.028,0.016,0.921,0.034,SB,,,BODDENHECHT
BH-00654,0.045,0.047,0.799,0.109,S,,,BODDENHECHT
BH-00655,0.024,0.023,0.433,0.519,S,,,BODDENHECHT
BH-00656,0.718,0.012,0.104,0.166,S,,,BODDENHECHT
BH-00657,0.014,0.005,0.689,0.293,S,,,BODDENHECHT
BH-00658,0.047,0.039,0.861,0.053,S,,,BODDENHECHT
BH-00659,0.009,0.009,0.955,0.027,S,,,BODDENHECHT
BH-00660,0.007,0.005,0.281,0.707,S,,,BODDENHECHT
BH-00661,0.005,0.004,0.174,0.817,S,,,BODDENHECHT
BH-00663,0.049,0.02,0.879,0.052,S,,,BODDENHECHT
BH-00664,0.022,0.02,0.297,0.661,S,,,BODDENHECHT
BH-00665,0.017,0.016,0.196,0.771,S,,,BODDENHECHT
BH-00666,0.017,0.015,0.308,0.659,S,,,BODDENHECHT
BH-00668,0.038,0.012,0.266,0.684,S,,,BODDENHECHT
BH-00669,0.01,0.007,0.083,0.9,S,,,BODDENHECHT
BH-00675,0.494,0.064,0.188,0.254,S,,,BODDENHECHT
BH-00733,0.012,0.005,0.154,0.829,S,,,BODDENHECHT
BH-00735,0.007,0.006,0.126,0.861,S,,,BODDENHECHT
BH-00748,0.024,0.025,0.433,0.518,S,,,BODDENHECHT
BH-00749,0.007,0.005,0.104,0.884,S,,,BODDENHECHT
BH-90050,0.007,0.006,0.891,0.096,S,,,BODDENHECHT
BH-90064,0.007,0.009,0.934,0.05,S,,,BODDENHECHT
BH-90066,0.014,0.008,0.411,0.567,S,,,BODDENHECHT
BH-90066,0.014,0.008,0.411,0.567,KB,,,BODDENHECHT
BH-90073,0.02,0.011,0.186,0.783,S,,,BODDENHECHT
BH-90074,0.01,0.005,0.198,0.787,S,,,BODDENHECHT
BH-90078,0.019,0.007,0.567,0.407,S,,,BODDENHECHT
BH-90080,0.014,0.016,0.129,0.84,S,,,BODDENHECHT
BH-90081,0.017,0.014,0.163,0.807,S,,,BODDENHECHT
BH-90083,0.011,0.008,0.306,0.675,S,,,BODDENHECHT
BH-90083,0.011,0.008,0.306,0.675,KB,54.3787,13.1898,BODDENHECHT
BH-90085,0.007,0.005,0.137,0.851,S,,,BODDENHECHT
BH-90088,0.012,0.01,0.329,0.649,S,,,BODDENHECHT
BH-90089,0.004,0.003,0.126,0.867,S,,,BODDENHECHT
BH-90091,0.008,0.021,0.955,0.016,S,,,BODDENHECHT
BH-90091,0.008,0.021,0.955,0.016,SB,54.4359,13.1313,BODDENHECHT
BH-90092,0.012,0.041,0.888,0.059,S,,,BODDENHECHT
BH-90094,0.008,0.008,0.937,0.047,S,,,BODDENHECHT
BH-90096,0.048,0.013,0.554,0.386,S,,,BODDENHECHT
BH-90099,0.007,0.009,0.109,0.875,S,,,BODDENHECHT
BH-90103,0.026,0.021,0.045,0.908,S,,,BODDENHECHT
BH-90103,0.026,0.021,0.045,0.908,S,54.3185,13.1023,BODDENHECHT
BH-90104,0.005,0.004,0.237,0.754,S,,,BODDENHECHT
BH-90105,0.01,0.008,0.372,0.61,S,,,BODDENHECHT
BH-90105,0.01,0.008,0.372,0.61,S,54.30633,13.14232,BODDENHECHT
BH-90107,0.006,0.005,0.082,0.907,S,,,BODDENHECHT
BH-90110,0.097,0.048,0.347,0.508,S,,,BODDENHECHT
BH-90110,0.097,0.048,0.347,0.508,KB,54.3714,13.1262,BODDENHECHT
BH-90111,0.028,0.011,0.303,0.658,S,,,BODDENHECHT
BH-90112,0.017,0.018,0.87,0.095,S,,,BODDENHECHT
BH-90113,0.012,0.012,0.817,0.158,S,,,BODDENHECHT
BH-90116,0.06,0.04,0.167,0.733,S,,,BODDENHECHT
BH-90121,0.02,0.019,0.809,0.153,S,,,BODDENHECHT
BH-90123,0.072,0.042,0.278,0.608,S,,,BODDENHECHT
BH-90125,0.005,0.004,0.116,0.875,S,,,BODDENHECHT
BH-90126,0.038,0.044,0.847,0.071,S,,,BODDENHECHT
BH-90128,0.008,0.006,0.248,0.738,S,,,BODDENHECHT
BH-90129,0.015,0.013,0.79,0.181,S,,,BODDENHECHT
BH-90131,0.423,0.05,0.244,0.283,S,,,BODDENHECHT
BH-90135,0.005,0.003,0.215,0.776,S,,,BODDENHECHT
BH-90136,0.021,0.007,0.335,0.636,S,,,BODDENHECHT
BH-90138,0.106,0.025,0.342,0.527,S,,,BODDENHECHT
BH-90139,0.008,0.015,0.929,0.049,S,,,BODDENHECHT
BH-90140,0.004,0.002,0.148,0.846,S,,,BODDENHECHT
BH-90140,0.004,0.002,0.148,0.846,KB,,,BODDENHECHT
BH-90141,0.284,0.089,0.211,0.415,S,,,BODDENHECHT
BH-90142,0.007,0.005,0.1,0.887,S,,,BODDENHECHT
BH-90143,0.04,0.01,0.75,0.2,S,,,BODDENHECHT
BH-90144,0.016,0.014,0.118,0.853,S,,,BODDENHECHT
BH-90145,0.003,0.002,0.159,0.835,S,,,BODDENHECHT
BH-90146,0.049,0.024,0.342,0.585,S,,,BODDENHECHT
BH-90147,0.01,0.009,0.296,0.684,S,,,BODDENHECHT
BH-90147,0.01,0.009,0.296,0.684,KB,,,BODDENHECHT
BH-90148,0.031,0.018,0.673,0.278,S,,,BODDENHECHT
BH-90151,0.076,0.01,0.831,0.082,S,,,BODDENHECHT
BH-90152,0.006,0.004,0.933,0.057,S,,,BODDENHECHT
BH-90153,0.008,0.004,0.114,0.874,S,,,BODDENHECHT
BH-90154,0.007,0.005,0.298,0.69,S,,,BODDENHECHT
BH-90155,0.004,0.004,0.956,0.036,S,,,BODDENHECHT
BH-90155,0.004,0.004,0.956,0.036,KB,54.376,13.2079,BODDENHECHT
BH-90156,0.052,0.025,0.3,0.623,S,,,BODDENHECHT
BH-90157,0.021,0.015,0.213,0.752,S,,,BODDENHECHT
BH-90158,0.163,0.042,0.335,0.46,S,,,BODDENHECHT
BH-90160,0.007,0.004,0.211,0.778,S,,,BODDENHECHT
BH-90169,0.76,0.103,0.069,0.068,S,,,BODDENHECHT
BH-90175,0.04,0.036,0.356,0.568,S,,,BODDENHECHT
BH-90178,0.021,0.033,0.679,0.266,S,,,BODDENHECHT
BH-90179,0.025,0.015,0.433,0.527,S,,,BODDENHECHT
BH-90185,0.017,0.009,0.546,0.428,S,,,BODDENHECHT
BH-90196,0.01,0.007,0.264,0.719,S,,,BODDENHECHT
BH-90197,0.012,0.014,0.94,0.034,S,,,BODDENHECHT
BH-90210,0.015,0.013,0.948,0.025,S,,,BODDENHECHT
BH-90217,0.016,0.008,0.424,0.552,S,,,BODDENHECHT
BH-90218,0.016,0.009,0.24,0.736,S,,,BODDENHECHT
BH-90233,0.029,0.027,0.483,0.46,S,,,BODDENHECHT
BH-90243,0.007,0.006,0.042,0.946,S,,,BODDENHECHT
BH-90251,0.084,0.037,0.555,0.324,S,,,BODDENHECHT
BH-90260,0.006,0.003,0.237,0.754,S,,,BODDENHECHT
BH-90262,0.006,0.004,0.192,0.798,S,,,BODDENHECHT
BH-90271,0.041,0.027,0.761,0.171,S,,,BODDENHECHT
BH-90272,0.005,0.003,0.091,0.902,S,,,BODDENHECHT
BH-90279,0.758,0.216,0.016,0.01,S,,,BODDENHECHT
BH-90281,0.008,0.006,0.952,0.034,S,,,BODDENHECHT
BH-90297,0.025,0.012,0.074,0.89,S,,,BODDENHECHT
BH-90298,0.007,0.015,0.955,0.023,S,,,BODDENHECHT
BH-90546,0.929,0.056,0.008,0.007,Sehrowbach,,,BODDENHECHT
BH-90546,0.929,0.056,0.008,0.007,Sehrowbach,,,BODDENHECHT
BH-90546,0.929,0.056,0.008,0.007,Sehrowbach,54.38204,13.26726,BODDENHECHT
BH-90826,0.362,0.605,0.017,0.016,Sehrowbach,,,BODDENHECHT
BH-90902,0.888,0.035,0.029,0.048,Sehrowbach,,,BODDENHECHT
BH-90907,0.916,0.048,0.023,0.014,Sehrowbach,,,BODDENHECHT
BH-90911,0.181,0.624,0.103,0.092,Sehrowbach,,,BODDENHECHT
BH-90913,0.346,0.443,0.17,0.041,Sehrowbach,,,BODDENHECHT
BH-90913,0.346,0.443,0.17,0.041,Sehrowbach,,,BODDENHECHT
BH-90916,0.019,0.014,0.299,0.669,Sehrowbach,,,BODDENHECHT
BH-90917,0.919,0.066,0.009,0.007,Sehrowbach,,,BODDENHECHT
BH-90921,0.851,0.117,0.014,0.018,Sehrowbach,,,BODDENHECHT
BH-90922,0.947,0.036,0.009,0.008,Sehrowbach,,,BODDENHECHT
BH-90924,0.637,0.244,0.076,0.043,Sehrowbach,,,BODDENHECHT
BH-90925,0.612,0.167,0.076,0.145,Sehrowbach,,,BODDENHECHT
BH-90925,0.612,0.167,0.076,0.145,Sehrowbach,,,BODDENHECHT
BH-90926,0.951,0.037,0.006,0.006,Sehrowbach,,,BODDENHECHT
BH-90926,0.951,0.037,0.006,0.006,,,,BODDENHECHT
BH-90927,0.67,0.286,0.029,0.015,Sehrowbach,,,BODDENHECHT
BH-90928,0.766,0.206,0.015,0.014,Sehrowbach,,,BODDENHECHT
BH-90929,0.969,0.015,0.009,0.008,Sehrowbach,,,BODDENHECHT
BH-90929,0.969,0.015,0.009,0.008,Sehrowbach,,,BODDENHECHT
BH-90929,0.969,0.015,0.009,0.008,Sehrowbach,,,BODDENHECHT
BH-90933,0.009,0.005,0.182,0.805,Sehrowbach,,,BODDENHECHT
BH-90936,0.568,0.016,0.091,0.324,Sehrowbach,,,BODDENHECHT
BH-90939,0.173,0.81,0.01,0.007,Sehrowbach,,,BODDENHECHT
BH-90945,0.012,0.006,0.131,0.852,Sehrowbach,,,BODDENHECHT
BH-90946,0.122,0.009,0.658,0.212,Sehrowbach,,,BODDENHECHT
BH-90949,0.967,0.012,0.01,0.011,Sehrowbach,,,BODDENHECHT
BH-90953,0.782,0.11,0.043,0.066,Sehrowbach,,,BODDENHECHT
BH-90953,0.782,0.11,0.043,0.066,Sehrowbach,,,BODDENHECHT
BH-90953,0.782,0.11,0.043,0.066,Sehrowbach,,,BODDENHECHT
BH-90955,0.64,0.039,0.122,0.2,Sehrowbach,,,BODDENHECHT
BH-90956,0.492,0.262,0.077,0.17,Sehrowbach,,,BODDENHECHT
BH-90956,0.916,0.04,0.02,0.024,Sehrowbach,,,BODDENHECHT
BH-90957,0.816,0.17,0.009,0.005,Sehrowbach,,,BODDENHECHT
BH-90957,0.816,0.17,0.009,0.005,Sehrowbach,,,BODDENHECHT
BH-90959,0.936,0.045,0.008,0.011,Sehrowbach,,,BODDENHECHT
BH-90960,0.814,0.15,0.023,0.013,Sehrowbach,,,BODDENHECHT
BH-90966,0.943,0.038,0.01,0.009,Sehrowbach,,,BODDENHECHT
BH-90967,0.935,0.013,0.028,0.023,Sehrowbach,,,BODDENHECHT
BH-90970,0.813,0.177,0.005,0.005,Sehrowbach,,,BODDENHECHT
BH-90971,0.947,0.007,0.023,0.023,Sehrowbach,,,BODDENHECHT
BH-90972,0.321,0.289,0.23,0.16,Sehrowbach,,,BODDENHECHT
BH-90973,0.969,0.018,0.007,0.007,Sehrowbach,,,BODDENHECHT
BH-90975,0.142,0.014,0.231,0.614,Sehrowbach,,,BODDENHECHT
BH-90977,0.823,0.161,0.008,0.008,Sehrowbach,,,BODDENHECHT
BH-90978,0.856,0.064,0.033,0.046,Sehrowbach,,,BODDENHECHT
BH-90978,0.856,0.064,0.033,0.046,Sehrowbach,,,BODDENHECHT
BH-90979,0.956,0.027,0.008,0.009,Sehrowbach,,,BODDENHECHT
BH-90981,0.791,0.16,0.035,0.013,Sehrowbach,,,BODDENHECHT
BH-90983,0.965,0.009,0.013,0.014,Sehrowbach,,,BODDENHECHT
BH-90983,0.965,0.009,0.013,0.014,KB,54.399,13.2259,BODDENHECHT
BH-90985,0.948,0.032,0.01,0.01,Sehrowbach,,,BODDENHECHT
BH-90986,0.346,0.072,0.166,0.416,Sehrowbach,,,BODDENHECHT
BH-90989,0.442,0.055,0.18,0.323,Sehrowbach,,,BODDENHECHT
BH-90991,0.665,0.106,0.091,0.139,Sehrowbach,,,BODDENHECHT
BH-90995,0.968,0.02,0.006,0.006,Sehrowbach,,,BODDENHECHT
BH-90998,0.964,0.015,0.01,0.011,Sehrowbach,,,BODDENHECHT
BH-91002,0.961,0.028,0.006,0.006,Sehrowbach,,,BODDENHECHT
BH-91011,0.913,0.022,0.031,0.034,Sehrowbach,,,BODDENHECHT
BH-91016,0.954,0.014,0.015,0.018,Sehrowbach,,,BODDENHECHT
BH-91019,0.061,0.016,0.401,0.522,Sehrowbach,,,BODDENHECHT
BH-91024,0.947,0.017,0.017,0.019,Sehrowbach,,,BODDENHECHT
BH-91026,0.925,0.058,0.009,0.009,Sehrowbach,,,BODDENHECHT
BH-91027,0.775,0.043,0.091,0.091,Sehrowbach,,,BODDENHECHT
BH-91028,0.918,0.063,0.009,0.011,Sehrowbach,,,BODDENHECHT
BH-91029,0.964,0.022,0.008,0.006,Sehrowbach,,,BODDENHECHT
BH-91029,0.964,0.022,0.008,0.006,Sehrowbach,,,BODDENHECHT
BH-91030,0.097,0.891,0.007,0.006,Sehrowbach,,,BODDENHECHT
BH-91030,0.097,0.891,0.007,0.006,Sehrowbach,,,BODDENHECHT
BH-91048,0.515,0.06,0.142,0.283,Sehrowbach,,,BODDENHECHT
BH-91054,0.769,0.017,0.113,0.101,Sehrowbach,,,BODDENHECHT
BH-91055,0.011,0.027,0.929,0.033,Sehrowbach,,,BODDENHECHT
BH-91056,0.955,0.013,0.014,0.017,Sehrowbach,,,BODDENHECHT
BH-91057,0.017,0.009,0.342,0.631,Sehrowbach,,,BODDENHECHT
BH-91058,0.608,0.143,0.124,0.125,Sehrowbach,,,BODDENHECHT
BH-91059,0.914,0.073,0.008,0.005,Sehrowbach,,,BODDENHECHT
BH-91064,0.905,0.017,0.037,0.042,Sehrowbach,,,BODDENHECHT
BH-91065,0.958,0.01,0.017,0.015,Sehrowbach,,,BODDENHECHT
BH-91067,0.941,0.03,0.014,0.015,Sehrowbach,,,BODDENHECHT
BH-91072,0.02,0.013,0.109,0.858,Sehrowbach,,,BODDENHECHT
BH-91075,0.92,0.044,0.015,0.02,Sehrowbach,,,BODDENHECHT
BH-91080,0.014,0.483,0.301,0.202,Sehrowbach,,,BODDENHECHT
BH-91087,0.877,0.073,0.02,0.03,Sehrowbach,,,BODDENHECHT
BH-91099,0.734,0.029,0.086,0.151,Sehrowbach,,,BODDENHECHT
BH-91130,0.98,0.009,0.006,0.005,Sehrowbach,,,BODDENHECHT
BH-91131,0.952,0.012,0.017,0.019,Sehrowbach,,,BODDENHECHT
BH-91132,0.91,0.079,0.005,0.005,Sehrowbach,,,BODDENHECHT
BH-91133,0.914,0.013,0.035,0.038,Sehrowbach,,,BODDENHECHT
BH-91139,0.009,0.018,0.819,0.154,Sehrowbach,,,BODDENHECHT
BH-91139,0.009,0.018,0.819,0.154,KB,,,BODDENHECHT
BH-91140,0.671,0.309,0.012,0.007,Sehrowbach,,,BODDENHECHT
BH-91156,0.93,0.047,0.01,0.014,Sehrowbach,,,BODDENHECHT
BH-91168,0.005,0.005,0.066,0.925,Sehrowbach,,,BODDENHECHT
BH-91171,0.012,0.008,0.273,0.706,Sehrowbach,,,BODDENHECHT
BH-91177,0.597,0.379,0.01,0.013,Sehrowbach,,,BODDENHECHT
BH-91179,0.851,0.136,0.008,0.005,Sehrowbach,,,BODDENHECHT
BH-91180,0.919,0.01,0.034,0.037,Sehrowbach,,,BODDENHECHT
BH-91181,0.948,0.018,0.015,0.018,Sehrowbach,,,BODDENHECHT
BH-91186,0.438,0.037,0.173,0.352,Sehrowbach,,,BODDENHECHT
BH-91189,0.763,0.133,0.066,0.039,Sehrowbach,,,BODDENHECHT
BH-91190,0.887,0.06,0.022,0.03,Sehrowbach,,,BODDENHECHT
BH-91191,0.903,0.086,0.006,0.005,Sehrowbach,,,BODDENHECHT
BH-91192,0.013,0.007,0.156,0.824,Sehrowbach,,,BODDENHECHT
BH-91192,0.013,0.007,0.156,0.824,KB,,,BODDENHECHT
BH-91194,0.946,0.029,0.012,0.012,Sehrowbach,,,BODDENHECHT
BH-91194,0.946,0.029,0.012,0.012,BAT,54.4383,12.9994,BODDENHECHT
BH-91196,0.119,0.117,0.252,0.512,Sehrowbach,,,BODDENHECHT
BH-91198,0.898,0.092,0.005,0.005,Sehrowbach,,,BODDENHECHT
BH-91199,0.968,0.015,0.009,0.009,Sehrowbach,,,BODDENHECHT
BH-91201,0.946,0.026,0.013,0.015,Sehrowbach,,,BODDENHECHT
BH-91202,0.108,0.88,0.006,0.006,Sehrowbach,,,BODDENHECHT
BH-91203,0.379,0.117,0.156,0.348,Sehrowbach,,,BODDENHECHT
BH-91211,0.32,0.132,0.2,0.347,Sehrowbach,,,BODDENHECHT
BH-91214,0.844,0.113,0.022,0.021,Sehrowbach,54.3821,13.26723,BODDENHECHT
BH-91226,0.967,0.022,0.005,0.006,Sehrowbach,,,BODDENHECHT
BH-91232,0.947,0.016,0.016,0.02,Sehrowbach,,,BODDENHECHT
BH-91253,0.219,0.417,0.127,0.237,Sehrowbach,,,BODDENHECHT
BH-91278,0.007,0.005,0.07,0.917,Sehrowbach,,,BODDENHECHT
BH-91288,0.602,0.045,0.173,0.181,Sehrowbach,,,BODDENHECHT
BH-91312,0.932,0.01,0.029,0.03,Sehrowbach,,,BODDENHECHT
BH-91397,0.848,0.017,0.064,0.07,Sehrowbach,54.3821,13.26723,BODDENHECHT
BH-91446,0.954,0.021,0.012,0.013,Sehrowbach,54.3821,13.26723,BODDENHECHT
BH-91448,0.962,0.019,0.009,0.01,Sehrowbach,54.3821,13.26723,BODDENHECHT
BH-91534,0.945,0.027,0.012,0.016,Sehrowbach,54.38185,13.26734,BODDENHECHT
BH-91547,0.506,0.407,0.057,0.03,Sehrowbach,54.3821,13.26723,BODDENHECHT
BH-91552,0.722,0.254,0.015,0.009,Sehrowbach,54.3821,13.26723,BODDENHECHT
BH-91557,0.86,0.125,0.008,0.008,Sehrowbach,54.3821,13.26723,BODDENHECHT
BH-91560,0.955,0.03,0.007,0.008,Sehrowbach,54.3821,13.26723,BODDENHECHT
BH-91568,0.561,0.428,0.006,0.005,Sehrowbach,54.3821,13.26723,BODDENHECHT
BH-91570,0.183,0.805,0.006,0.006,Sehrowbach,54.38185,13.26734,BODDENHECHT
BH-91572,0.977,0.014,0.004,0.004,Sehrowbach,54.38185,13.26734,BODDENHECHT
BH-91577,0.676,0.03,0.115,0.179,Sehrowbach,54.3821,13.26723,BODDENHECHT
BH-91579,0.481,0.474,0.03,0.015,Sehrowbach,54.3821,13.26723,BODDENHECHT
BH-91580,0.068,0.037,0.175,0.721,Sehrowbach,54.3821,13.26723,BODDENHECHT
BH-91582,0.888,0.011,0.043,0.058,Sehrowbach,54.3821,13.26723,BODDENHECHT
BH-91584,0.582,0.078,0.116,0.223,Sehrowbach,54.3821,13.26723,BODDENHECHT
BH-91587,0.944,0.026,0.016,0.014,Sehrowbach,54.3821,13.26723,BODDENHECHT
BH-91587,0.944,0.026,0.016,0.014,Sehrowbach,54.38204,13.26726,BODDENHECHT
BH-91589,0.897,0.054,0.029,0.02,Sehrowbach,54.3821,13.26723,BODDENHECHT
BH-92991,0.978,0.012,0.005,0.005,Sehrowbach,54.38207,13.2674,BODDENHECHT
BH-92993,0.931,0.011,0.04,0.018,Sehrowbach,54.38204,13.26726,BODDENHECHT
BH-92994,0.957,0.015,0.015,0.014,Sehrowbach,54.38207,13.2674,BODDENHECHT
BH-92995,0.943,0.02,0.016,0.021,Sehrowbach,54.38207,13.2674,BODDENHECHT
BH-92996,0.933,0.056,0.007,0.004,Sehrowbach,54.38204,13.26726,BODDENHECHT
BH-92998,0.66,0.222,0.084,0.034,Sehrowbach,54.38204,13.26726,BODDENHECHT
BH-93002,0.36,0.458,0.121,0.061,Sehrowbach,54.38207,13.2674,BODDENHECHT
BH-93003,0.025,0.955,0.01,0.009,Barthe,54.36602,12.68762,BODDENHECHT
BH-93005,0.08,0.082,0.691,0.147,Sehrowbach,54.38204,13.26726,BODDENHECHT
BH-93006,0.959,0.024,0.009,0.008,Sehrowbach,54.38204,13.26726,BODDENHECHT
BH-93015,0.83,0.161,0.005,0.005,Sehrowbach,54.38204,13.26726,BODDENHECHT
BH-93034,0.93,0.02,0.023,0.026,Sehrowbach,54.38207,13.2674,BODDENHECHT
BH-93056,0.958,0.014,0.014,0.015,Sehrowbach,54.38204,13.26726,BODDENHECHT
BH-93088,0.923,0.025,0.026,0.027,Sehrowbach,54.38204,13.26726,BODDENHECHT
BH-93107,0.079,0.714,0.172,0.034,Sehrowbach,54.38204,13.26726,BODDENHECHT
BH-93111,0.531,0.442,0.016,0.011,Sehrowbach,54.38204,13.26726,BODDENHECHT
BH-93121,0.814,0.016,0.064,0.106,Sehrowbach,54.38204,13.26726,BODDENHECHT
BH-93134,0.007,0.006,0.086,0.901,Sehrowbach,54.38207,13.2674,BODDENHECHT
BH-93135,0.308,0.066,0.189,0.437,Sehrowbach,54.38207,13.2674,BODDENHECHT
BH-93143,0.952,0.035,0.006,0.007,Sehrowbach,54.38204,13.26726,BODDENHECHT
BH-93144,0.86,0.007,0.055,0.078,Sehrowbach,54.38207,13.2674,BODDENHECHT
BH-93149,0.9,0.066,0.015,0.018,Sehrowbach,54.38207,13.2674,BODDENHECHT
BH-93149,0.9,0.066,0.015,0.018,Sehrowbach,54.38204,13.26726,BODDENHECHT
BH-93152,0.882,0.106,0.007,0.006,Sehrowbach,54.38204,13.26726,BODDENHECHT
BH-93156,0.93,0.051,0.01,0.009,Sehrowbach,54.38207,13.2674,BODDENHECHT
BH-93157,0.971,0.016,0.007,0.006,Sehrowbach,54.38204,13.26726,BODDENHECHT
BH-93157,0.971,0.016,0.007,0.006,KB,54.3789,13.2137,BODDENHECHT
BH-93158,0.376,0.297,0.201,0.125,Sehrowbach,54.38207,13.2674,BODDENHECHT
BH-93159,0.027,0.03,0.802,0.141,Sehrowbach,54.38207,13.2674,BODDENHECHT
BH-93160,0.892,0.091,0.01,0.007,Sehrowbach,54.38207,13.2674,BODDENHECHT
BH-93162,0.921,0.018,0.027,0.035,Sehrowbach,54.38204,13.26726,BODDENHECHT
BH-93163,0.943,0.04,0.009,0.009,Sehrowbach,54.38204,13.26726,BODDENHECHT
BH-93164,0.393,0.064,0.211,0.331,Sehrowbach,54.38204,13.26726,BODDENHECHT
BH-93165,0.952,0.008,0.022,0.019,Sehrowbach,54.38207,13.2674,BODDENHECHT
BH-93166,0.961,0.023,0.007,0.009,Sehrowbach,54.38207,13.2674,BODDENHECHT
BH-93167,0.259,0.336,0.242,0.162,Sehrowbach,54.38204,13.26726,BODDENHECHT
BH-93168,0.943,0.04,0.008,0.009,Sehrowbach,54.38207,13.2674,BODDENHECHT
BH-93170,0.017,0.018,0.087,0.877,Sehrowbach,54.38204,13.26726,BODDENHECHT
BH-93171,0.575,0.356,0.037,0.032,Sehrowbach,54.38207,13.2674,BODDENHECHT
BH-93172,0.95,0.037,0.006,0.007,Sehrowbach,54.38204,13.26726,BODDENHECHT
BH-93173,0.196,0.141,0.196,0.467,Sehrowbach,54.38204,13.26726,BODDENHECHT
BH-93174,0.507,0.069,0.2,0.225,Sehrowbach,54.38204,13.26726,BODDENHECHT
BH-93175,0.719,0.044,0.081,0.156,Sehrowbach,54.38207,13.2674,BODDENHECHT
BH-93175,0.719,0.044,0.081,0.156,Sehrowbach,54.38204,13.26726,BODDENHECHT
BH-93176,0.919,0.036,0.019,0.026,Sehrowbach,54.38207,13.2674,BODDENHECHT
BH-93177,0.014,0.011,0.194,0.781,Sehrowbach,54.38207,13.2674,BODDENHECHT
BH-93179,0.923,0.022,0.026,0.028,Sehrowbach,54.38207,13.2674,BODDENHECHT
BH-93180,0.642,0.351,0.004,0.003,Sehrowbach,54.38207,13.2674,BODDENHECHT
BH-93181,0.86,0.123,0.009,0.008,Sehrowbach,54.38204,13.26726,BODDENHECHT
BH-93182,0.525,0.018,0.133,0.324,Sehrowbach,54.38204,13.26726,BODDENHECHT
BH-93183,0.804,0.186,0.006,0.005,Sehrowbach,54.38207,13.2674,BODDENHECHT
BH-93184,0.843,0.015,0.051,0.091,Sehrowbach,54.38207,13.2674,BODDENHECHT
BH-93185,0.539,0.049,0.142,0.27,Sehrowbach,54.38204,13.26726,BODDENHECHT
BH-93186,0.95,0.014,0.023,0.013,Sehrowbach,54.38204,13.26726,BODDENHECHT
BH-93187,0.132,0.042,0.216,0.61,Sehrowbach,54.38204,13.26726,BODDENHECHT
BH-93188,0.957,0.017,0.016,0.01,Sehrowbach,54.38204,13.26726,BODDENHECHT
BH-93190,0.877,0.018,0.06,0.044,Sehrowbach,54.38204,13.26726,BODDENHECHT
BH-93191,0.957,0.011,0.018,0.014,Sehrowbach,54.38204,13.26726,BODDENHECHT
BH-93191,0.957,0.011,0.018,0.014,KB,54.391,13.223,BODDENHECHT
BH-93193,0.548,0.021,0.22,0.212,Sehrowbach,54.38204,13.26726,BODDENHECHT
BH-93195,0.341,0.144,0.414,0.101,Sehrowbach,54.38207,13.2674,BODDENHECHT
BH-93196,0.929,0.013,0.026,0.032,Sehrowbach,54.38204,13.26726,BODDENHECHT
BH-00042,0.645,0.145,0.138,0.071,WB,,,BODDENHECHT
BH-00114,0.005,0.007,0.085,0.902,WB,,,BODDENHECHT
BH-00185,0.005,0.003,0.261,0.732,WB,,,BODDENHECHT
BH-00186,0.038,0.017,0.154,0.791,WB,,,BODDENHECHT
BH-00353,0.948,0.032,0.009,0.011,Ryck,,,BODDENHECHT
BH-00681,0.008,0.008,0.094,0.891,WB,,,BODDENHECHT
BH-00685,0.007,0.005,0.845,0.144,WB,,,BODDENHECHT
BH-00687,0.008,0.017,0.933,0.042,WB,,,BODDENHECHT
BH-00689,0.005,0.006,0.926,0.064,WB,,,BODDENHECHT
BH-00696,0.005,0.004,0.277,0.715,WB,,,BODDENHECHT
BH-00831,0.004,0.004,0.137,0.854,WB,,,BODDENHECHT
BH-00832,0.074,0.11,0.761,0.056,WB,,,BODDENHECHT
BH-00833,0.003,0.003,0.172,0.822,WB,,,BODDENHECHT
BH-00834,0.007,0.004,0.086,0.903,WB,,,BODDENHECHT
BH-00835,0.006,0.007,0.951,0.037,WB,,,BODDENHECHT
BH-00836,0.113,0.142,0.703,0.041,WB,,,BODDENHECHT
BH-00837,0.007,0.032,0.919,0.042,WB,,,BODDENHECHT
BH-00838,0.008,0.008,0.952,0.032,WB,,,BODDENHECHT
BH-00839,0.016,0.007,0.3,0.677,WB,,,BODDENHECHT
BH-00841,0.005,0.004,0.128,0.863,WB,,,BODDENHECHT
BH-00842,0.004,0.004,0.073,0.919,WB,,,BODDENHECHT
BH-00845,0.02,0.018,0.276,0.685,WB,,,BODDENHECHT
BH-00846,0.028,0.015,0.359,0.598,WB,,,BODDENHECHT
BH-00847,0.007,0.004,0.179,0.81,WB,,,BODDENHECHT
BH-00849,0.007,0.005,0.115,0.873,WB,,,BODDENHECHT
BH-01167,0.008,0.005,0.094,0.893,WB,54.64142,13.26717,BODDENHECHT
BH-01168,0.008,0.008,0.942,0.042,WB,54.64013,13.26592,BODDENHECHT
BH-01169,0.009,0.018,0.097,0.875,WB,54.64013,13.26592,BODDENHECHT
BH-01170,0.006,0.006,0.863,0.125,WB,54.64013,13.26592,BODDENHECHT
BH-01171,0.014,0.014,0.085,0.887,WB,54.64085,13.2651,BODDENHECHT
BH-01172,0.066,0.015,0.471,0.448,WB,54.6417,13.26498,BODDENHECHT
BH-01172,0.066,0.015,0.471,0.448,WB,54.64625,13.2819,BODDENHECHT
BH-01173,0.009,0.008,0.123,0.86,WB,54.6407,13.26617,BODDENHECHT
BH-01174,0.038,0.019,0.275,0.668,WB,54.64122,13.26615,BODDENHECHT
BH-01175,0.004,0.004,0.926,0.067,WB,54.64043,13.26713,BODDENHECHT
BH-01175,0.004,0.004,0.926,0.067,WB,54.643,13.2749,BODDENHECHT
BH-01176,0.051,0.02,0.224,0.705,WB,54.64073,13.26723,BODDENHECHT
BH-01177,0.007,0.005,0.181,0.806,WB,54.64138,13.2674,BODDENHECHT
BH-01178,0.022,0.01,0.493,0.475,WB,54.64095,13.26393,BODDENHECHT
BH-01178,0.022,0.01,0.493,0.475,WB,54.6395,13.279,BODDENHECHT
BH-01179,0.005,0.004,0.168,0.823,WB,54.63828,13.26882,BODDENHECHT
BH-01180,0.005,0.006,0.932,0.057,WB,54.64073,13.26882,BODDENHECHT
BH-01181,0.009,0.006,0.134,0.852,WB,54.64055,13.26653,BODDENHECHT
BH-01182,0.012,0.006,0.23,0.752,WB,54.63668,13.26928,BODDENHECHT
BH-01183,0.006,0.003,0.273,0.718,WB,54.63717,13.27187,BODDENHECHT
BH-01184,0.011,0.02,0.108,0.862,WB,54.63717,13.2729,BODDENHECHT
BH-01185,0.084,0.058,0.425,0.433,WB,54.63642,13.27368,BODDENHECHT
BH-01185,0.084,0.058,0.425,0.433,WB,,,BODDENHECHT
BH-01185,0.084,0.058,0.425,0.433,WB,,,BODDENHECHT
BH-01194,0.007,0.005,0.158,0.831,WB,54.63783,13.26895,BODDENHECHT
BH-01195,0.013,0.009,0.076,0.903,WB,54.64042,13.26702,BODDENHECHT
BH-01196,0.009,0.022,0.843,0.125,WB,54.6404,13.26602,BODDENHECHT
BH-01197,0.005,0.004,0.238,0.754,WB,54.64018,13.26713,BODDENHECHT
BH-01585,0.016,0.008,0.237,0.74,WB,,,BODDENHECHT
BH-01594,0.006,0.008,0.942,0.044,WB,,,BODDENHECHT
BH-01595,0.01,0.012,0.168,0.81,WB,,,BODDENHECHT
BH-01699,0.418,0.293,0.152,0.137,WB,,,BODDENHECHT
BH-01700,0.017,0.008,0.162,0.813,WB,,,BODDENHECHT
BH-01700,0.017,0.008,0.162,0.813,WB,54.606,13.251,BODDENHECHT
BH-50040,0.009,0.008,0.071,0.912,WB,,,BODDENHECHT
BH-50041,0.045,0.038,0.391,0.526,WB,,,BODDENHECHT
BH-50042,0.011,0.021,0.872,0.096,WB,,,BODDENHECHT
BH-50043,0.325,0.027,0.457,0.19,WB,,,BODDENHECHT
BH-50046,0.009,0.009,0.908,0.073,WB,,,BODDENHECHT
BH-50047,0.012,0.011,0.281,0.696,WB,,,BODDENHECHT
BH-50048,0.015,0.016,0.934,0.035,WB,,,BODDENHECHT
BH-50058,0.057,0.035,0.82,0.089,WB,,,BODDENHECHT
BH-50060,0.016,0.023,0.905,0.056,WB,,,BODDENHECHT
BH-50061,0.007,0.005,0.068,0.92,WB,,,BODDENHECHT
BH-50062,0.007,0.007,0.202,0.785,WB,,,BODDENHECHT
BH-50063,0.004,0.003,0.251,0.742,WB,,,BODDENHECHT
BH-50115,0.008,0.008,0.948,0.037,WB,,,BODDENHECHT
BH-50116,0.006,0.01,0.95,0.034,WB,,,BODDENHECHT
BH-50117,0.028,0.049,0.683,0.24,WB,,,BODDENHECHT
BH-50118,0.506,0.064,0.123,0.307,WB,,,BODDENHECHT
BH-50119,0.007,0.005,0.205,0.784,WB,,,BODDENHECHT
BH-50120,0.009,0.016,0.695,0.281,WB,,,BODDENHECHT
BH-50120,0.009,0.016,0.695,0.281,WB,54.55235,13.16427,BODDENHECHT
BH-50123,0.019,0.015,0.509,0.456,WB,,,BODDENHECHT
BH-50123,0.019,0.015,0.509,0.456,BEG,54.52448,13.35077,BODDENHECHT
BH-50124,0.009,0.007,0.133,0.85,WB,,,BODDENHECHT
BH-50125,0.012,0.009,0.124,0.855,WB,,,BODDENHECHT
BH-50126,0.008,0.006,0.226,0.76,WB,,,BODDENHECHT
BH-50127,0.009,0.007,0.191,0.794,WB,,,BODDENHECHT
BH-50128,0.279,0.141,0.448,0.132,WB,,,BODDENHECHT
BH-50128,0.279,0.141,0.448,0.132,VB,54.5526,13.1607,BODDENHECHT
BH-50182,0.008,0.008,0.135,0.85,WB,,,BODDENHECHT
BH-50183,0.051,0.027,0.388,0.534,WB,,,BODDENHECHT
BH-50196,0.025,0.029,0.856,0.09,WB,,,BODDENHECHT
BH-50196,0.025,0.029,0.856,0.09,WB,54.6432,13.2641,BODDENHECHT
BH-50197,0.038,0.025,0.424,0.513,WB,,,BODDENHECHT
BH-50198,0.087,0.022,0.858,0.033,WB,,,BODDENHECHT
BH-50198,0.087,0.022,0.858,0.033,WB,54.56062,13.23975,BODDENHECHT
BH-50199,0.013,0.007,0.084,0.897,WB,,,BODDENHECHT
BH-50200,0.013,0.007,0.201,0.78,WB,,,BODDENHECHT
BH-50202,0.006,0.004,0.188,0.802,WB,,,BODDENHECHT
BH-50208,0.007,0.005,0.148,0.839,WB,,,BODDENHECHT
BH-50209,0.019,0.005,0.728,0.248,WB,,,BODDENHECHT
BH-50210,0.009,0.004,0.114,0.872,WB,,,BODDENHECHT
BH-50427,0.025,0.01,0.625,0.34,WB,,,BODDENHECHT
BH-50495,0.005,0.003,0.335,0.658,WB,,,BODDENHECHT
BH-50740,0.009,0.015,0.919,0.057,WB,,,BODDENHECHT
BH-50868,0.007,0.01,0.781,0.202,WB,,,BODDENHECHT
BH-50869,0.889,0.099,0.006,0.006,WB,,,BODDENHECHT
BH-50869,0.889,0.099,0.006,0.006,BEZ,54.5282363891602,13.2930097309873,BODDENHECHT
BH-50870,0.013,0.011,0.12,0.856,WB,,,BODDENHECHT
BH-50871,0.007,0.005,0.211,0.777,WB,,,BODDENHECHT
BH-50916,0.014,0.021,0.116,0.849,WB,,,BODDENHECHT
BH-50917,0.031,0.017,0.277,0.676,WB,,,BODDENHECHT
BH-50918,0.007,0.005,0.206,0.781,WB,,,BODDENHECHT
BH-50919,0.009,0.057,0.788,0.146,WB,,,BODDENHECHT
BH-50919,0.009,0.057,0.788,0.146,GJB,,,BODDENHECHT
BH-90240,0.022,0.008,0.391,0.579,WB,,,BODDENHECHT
BH-90402,0.009,0.007,0.209,0.775,VB,,,BODDENHECHT
BH-90417,0.863,0.119,0.008,0.01,Beek,54.29683,13.40562,BODDENHECHT
BH-90419,0.452,0.152,0.188,0.208,Duwenbeek,,,BODDENHECHT
BH-90429,0.017,0.055,0.826,0.102,Duwenbeek,,,BODDENHECHT
BH-90435,0.21,0.05,0.233,0.507,Duwenbeek,,,BODDENHECHT
BH-90438,0.33,0.113,0.129,0.429,Duwenbeek,,,BODDENHECHT
BH-90440,0.208,0.78,0.006,0.005,Duwenbeek,,,BODDENHECHT
BH-90459,0.947,0.031,0.012,0.011,Beek,54.29683,13.40562,BODDENHECHT
BH-90552,0.409,0.034,0.288,0.269,Duwenbeek,,,BODDENHECHT
BH-90554,0.394,0.035,0.341,0.23,Duwenbeek,,,BODDENHECHT
BH-90562,0.124,0.067,0.713,0.096,Duwenbeek,,,BODDENHECHT
BH-90562,0.124,0.067,0.713,0.096,SB,54.4824,13.2423,BODDENHECHT
BH-90566,0.558,0.083,0.18,0.179,Duwenbeek,,,BODDENHECHT
BH-90569,0.65,0.061,0.094,0.195,Duwenbeek,,,BODDENHECHT
BH-90570,0.713,0.085,0.173,0.029,Duwenbeek,,,BODDENHECHT
BH-90572,0.127,0.162,0.635,0.077,Duwenbeek,,,BODDENHECHT
BH-90572,0.127,0.162,0.635,0.077,SB,54.4772,13.2618,BODDENHECHT
BH-90580,0.701,0.031,0.098,0.17,Duwenbeek,,,BODDENHECHT
Elu-3210,0.841,0.077,0.03,0.051,Gulf of Finnland,,,Eschbach_Samples
BH-90761,0.942,0.048,0.005,0.005,Ziese,,,BODDENHECHT
BH-90834,0.095,0.868,0.022,0.015,Ziese,,,BODDENHECHT
BH-90874,0.759,0.224,0.008,0.009,Ziese,,,BODDENHECHT
BH-90906,0.948,0.033,0.01,0.01,Ziese,,,BODDENHECHT
BH-91053,0.901,0.072,0.016,0.011,Ziese,,,BODDENHECHT
BH-91068,0.945,0.022,0.017,0.016,Ziese,,,BODDENHECHT
BH-91118,0.721,0.253,0.012,0.013,Ziese,,,BODDENHECHT
BH-91152,0.977,0.017,0.004,0.003,Ziese,,,BODDENHECHT
BH-91153,0.92,0.056,0.012,0.012,Ziese,,,BODDENHECHT
BH-91157,0.868,0.112,0.009,0.011,Ziese,,,BODDENHECHT
BH-91164,0.634,0.345,0.011,0.01,Ziese,,,BODDENHECHT
BH-91169,0.196,0.774,0.017,0.012,Ziese,,,BODDENHECHT
BH-91182,0.17,0.82,0.005,0.005,Ziese,,,BODDENHECHT
