ID,age,cohort,capt,TL_mm,weight_g,sex,date,core,lifeyear,year,increment_um,rad_um,total_rad_um,quality,fish_ID,res_mean,Sr_mean,cluster,phenotype,area
BH-00355,2,2017,Peene,552,800,m,2019-07-09,286.1,1,2018,495.6,495.6,840.5,3,BH-00355,-0.931217927670299,0.00124545459976105,FW low saline|shift,FW_resident,Tributary
BH-00355,2,2017,Peene,552,800,m,2019-07-09,286.1,2,2019,237.5,733.1,840.5,3,BH-00355,0.374817593703947,0.000879894102313457,FW low saline|shift,FW_resident,Tributary
BH-00356,7,2012,Peene,815,3000,f,2019-07-09,279.1,1,2013,460.5,460.5,1595.6,3,BH-00356,-0.0434315316991996,0.00110030158730159,FW low saline|cold,FW_resident,Tributary
BH-00356,7,2012,Peene,815,3000,f,2019-07-09,279.1,2,2014,228.8,689.3,1595.6,3,BH-00356,0.0556768530746648,0.000841808080808081,FW low saline|cold,FW_resident,Tributary
BH-00356,7,2012,Peene,815,3000,f,2019-07-09,279.1,3,2015,238,927.3,1595.6,3,BH-00356,0.475444864273124,0.000817560146923783,FW low saline|cold,FW_resident,Tributary
BH-00356,7,2012,Peene,815,3000,f,2019-07-09,279.1,4,2016,233.8,1161.1,1595.6,3,BH-00356,1.30825022934338,0.00100276136363636,FW low saline|cold,FW_resident,Tributary
BH-00356,7,2012,Peene,815,3000,f,2019-07-09,279.1,5,2017,135.4,1296.5,1595.6,3,BH-00356,0.954200099258071,0.00128638383838384,FW low saline|cold,FW_resident,Tributary
BH-00356,7,2012,Peene,815,3000,f,2019-07-09,279.1,6,2018,123.6,1420.1,1595.6,3,BH-00356,1.16925936990171,0.00111932154882155,FW low saline|cold,FW_resident,Tributary
BH-00356,7,2012,Peene,815,3000,f,2019-07-09,279.1,7,2019,127.4,1547.5,1595.6,3,BH-00356,0.410982792478567,0.00119760353535354,FW low saline|cold,FW_resident,Tributary
BH-00385,5,2014,Barthe,765,3260,f,2019-07-10,121.3,1,2015,432.7,432.7,1356.3,3,BH-00385,-0.410634207989129,0.00165329462365591,FW int saline|const,FW_resident,Tributary
BH-00385,5,2014,Barthe,765,3260,f,2019-07-10,121.3,2,2016,239.5,672.2,1356.3,3,BH-00385,-0.37279013779695,0.00209700460829493,FW int saline|const,FW_resident,Tributary
BH-00385,5,2014,Barthe,765,3260,f,2019-07-10,121.3,3,2017,273.8,946,1356.3,3,BH-00385,0.055501821081461,0.00232517921146953,FW int saline|const,FW_resident,Tributary
BH-00385,5,2014,Barthe,765,3260,f,2019-07-10,121.3,4,2018,184.6,1130.6,1356.3,3,BH-00385,-1.01493766453148,0.00238646594982079,FW int saline|const,FW_resident,Tributary
BH-00385,5,2014,Barthe,765,3260,f,2019-07-10,121.3,5,2019,131.5,1262.1,1356.3,3,BH-00385,-0.0447375033850602,0.00211577956989247,FW int saline|const,FW_resident,Tributary
BH-00391,9,2010,Barthe,903,5220,f,2019-07-11,185.1,1,2011,458.7,458.7,1642.8,3,BH-00391,-0.10005748033094,0.00146142340565418,FW int saline|const,FW_resident,Tributary
BH-00391,9,2010,Barthe,903,5220,f,2019-07-11,185.1,2,2012,207.6,666.3,1642.8,3,BH-00391,-0.180699939747141,0.00137914031339031,FW int saline|const,FW_resident,Tributary
BH-00391,9,2010,Barthe,903,5220,f,2019-07-11,185.1,3,2013,183.9,850.2,1642.8,3,BH-00391,-0.384673049729177,0.00216685185185185,FW int saline|const,FW_resident,Tributary
BH-00391,9,2010,Barthe,903,5220,f,2019-07-11,185.1,4,2014,196.5,1046.7,1642.8,3,BH-00391,-0.852514368216926,0.0021496916971917,FW int saline|const,FW_resident,Tributary
BH-00391,9,2010,Barthe,903,5220,f,2019-07-11,185.1,5,2015,156.1,1202.8,1642.8,3,BH-00391,-0.271203278395363,0.0020735811965812,FW int saline|const,FW_resident,Tributary
BH-00391,9,2010,Barthe,903,5220,f,2019-07-11,185.1,6,2016,113.8,1316.6,1642.8,3,BH-00391,-0.0844296499364426,0.0020727094017094,FW int saline|const,FW_resident,Tributary
BH-00391,9,2010,Barthe,903,5220,f,2019-07-11,185.1,7,2017,92,1408.6,1642.8,3,BH-00391,-0.010556081601058,0.00217636752136752,FW int saline|const,FW_resident,Tributary
BH-00391,9,2010,Barthe,903,5220,f,2019-07-11,185.1,8,2018,105.7,1514.3,1642.8,3,BH-00391,0.562858407234408,0.00215334401709402,FW int saline|const,FW_resident,Tributary
BH-00391,9,2010,Barthe,903,5220,f,2019-07-11,185.1,9,2019,80.7,1595,1642.8,3,BH-00391,1.4128116666756,0.00238730056980057,FW int saline|const,FW_resident,Tributary
BH-00392,7,2012,Barthe,930,5600,f,2019-07-11,287.8,1,2013,565,565,1664.5,3,BH-00392,0.775138042051766,0.00159535014245014,FW int saline|const,FW_resident,Tributary
BH-00392,7,2012,Barthe,930,5600,f,2019-07-11,287.8,2,2014,189.1,754.1,1664.5,3,BH-00392,-0.211877542459835,0.00193389838556505,FW int saline|const,FW_resident,Tributary
BH-00392,7,2012,Barthe,930,5600,f,2019-07-11,287.8,3,2015,229.4,983.5,1664.5,3,BH-00392,-0.634412991860506,0.00203094017094017,FW int saline|const,FW_resident,Tributary
BH-00392,7,2012,Barthe,930,5600,f,2019-07-11,287.8,4,2016,215.7,1199.2,1664.5,3,BH-00392,-0.137493222338375,0.00222969230769231,FW int saline|const,FW_resident,Tributary
BH-00392,7,2012,Barthe,930,5600,f,2019-07-11,287.8,5,2017,140.3,1339.5,1664.5,3,BH-00392,0.39824250499287,0.00240204415954416,FW int saline|const,FW_resident,Tributary
BH-00392,7,2012,Barthe,930,5600,f,2019-07-11,287.8,6,2018,132.3,1471.8,1664.5,3,BH-00392,0.763408110864294,0.00307778632478633,FW int saline|const,FW_resident,Tributary
BH-00392,7,2012,Barthe,930,5600,f,2019-07-11,287.8,7,2019,110,1581.8,1664.5,3,BH-00392,0.604406319374942,0.00282477564102564,FW int saline|const,FW_resident,Tributary
BH-00398,6,2013,Barthe,761,2650,f,2019-07-11,232.4,1,2014,431,431,1450.9,3,BH-00398,-0.417446244250695,0.00131403703703704,FW int saline|const,FW_resident,Tributary
BH-00398,6,2013,Barthe,761,2650,f,2019-07-11,232.4,2,2015,300.5,731.5,1450.9,3,BH-00398,-0.383676025132098,0.00151916161616162,FW int saline|const,FW_resident,Tributary
BH-00398,6,2013,Barthe,761,2650,f,2019-07-11,232.4,3,2016,252.5,984,1450.9,3,BH-00398,0.0891333617909027,0.00180085714285714,FW int saline|const,FW_resident,Tributary
BH-00398,6,2013,Barthe,761,2650,f,2019-07-11,232.4,4,2017,103.8,1087.8,1450.9,3,BH-00398,0.513729892741446,0.00184688888888889,FW int saline|const,FW_resident,Tributary
BH-00398,6,2013,Barthe,761,2650,f,2019-07-11,232.4,5,2018,131.6,1219.4,1450.9,3,BH-00398,0.0886462888756461,0.00201238888888889,FW int saline|const,FW_resident,Tributary
BH-00398,6,2013,Barthe,761,2650,f,2019-07-11,232.4,6,2019,132.4,1351.8,1450.9,3,BH-00398,0.811986997620066,0.00229622222222222,FW int saline|const,FW_resident,Tributary
BH-00405,2,2017,Barthe,466,715.9,f,2019-07-11,166.5,1,2018,367.2,367.2,860.8,3,BH-00405,-1.12666102408214,0.00191267521367521,FW low saline|shift,FW_resident,Tributary
BH-00405,2,2017,Barthe,466,715.9,f,2019-07-11,166.5,2,2019,295.9,663.1,860.8,3,BH-00405,0.313370573077629,0.00127528756613757,FW low saline|shift,FW_resident,Tributary
BH-00411,3,2016,Barthe,677,1870,f,2019-07-11,189.7,1,2017,397.9,397.9,1148.1,3,BH-00411,-0.44563957656667,0.00166509722222222,FW int saline|const,FW_resident,Tributary
BH-00411,3,2016,Barthe,677,1870,f,2019-07-11,189.7,2,2018,388.7,786.6,1148.1,3,BH-00411,0.218795153014318,0.00217584104938272,FW int saline|const,FW_resident,Tributary
BH-00411,3,2016,Barthe,677,1870,f,2019-07-11,189.7,3,2019,214.7,1001.3,1148.1,3,BH-00411,0.614694355208886,0.00237477777777778,FW int saline|const,FW_resident,Tributary
BH-00418,6,2013,Peene,758,2450,f,2019-07-12,192.5,1,2014,386.8,386.8,1611.1,3,BH-00418,0.536184300727754,0.000732550139762404,FW low saline|cold,FW_resident,Tributary
BH-00418,6,2013,Peene,758,2450,f,2019-07-12,192.5,2,2015,261.4,648.2,1611.1,3,BH-00418,0.798675649753614,0.000815840371368673,FW low saline|cold,FW_resident,Tributary
BH-00418,6,2013,Peene,758,2450,f,2019-07-12,192.5,3,2016,300.8,949,1611.1,3,BH-00418,1.33620115510386,0.000925123951781971,FW low saline|cold,FW_resident,Tributary
BH-00418,6,2013,Peene,758,2450,f,2019-07-12,192.5,4,2017,234.6,1183.6,1611.1,3,BH-00418,1.12547346646479,0.00118770530098832,FW low saline|cold,FW_resident,Tributary
BH-00418,6,2013,Peene,758,2450,f,2019-07-12,192.5,5,2018,195.1,1378.7,1611.1,3,BH-00418,1.90282604089989,0.00111468832983927,FW low saline|cold,FW_resident,Tributary
BH-00418,6,2013,Peene,758,2450,f,2019-07-12,192.5,6,2019,174.3,1553,1611.1,3,BH-00418,1.53201269252591,0.00104780167714885,FW low saline|cold,FW_resident,Tributary
BH-00419,10,2009,Peene,958,5780,f,2019-07-12,187.5,1,2010,384.7,384.7,1909.4,3,BH-00419,0.867323384111475,0.000896512794612795,FW low saline|cold,FW_resident,Tributary
BH-00419,10,2009,Peene,958,5780,f,2019-07-12,187.5,2,2011,195.8,580.5,1909.4,3,BH-00419,1.26671597865003,0.00097344699074074,FW low saline|cold,FW_resident,Tributary
BH-00419,10,2009,Peene,958,5780,f,2019-07-12,187.5,3,2012,209.6,790.1,1909.4,3,BH-00419,0.750054876690019,0.00106709969135802,FW low saline|cold,FW_resident,Tributary
BH-00419,10,2009,Peene,958,5780,f,2019-07-12,187.5,4,2013,190.7,980.8,1909.4,3,BH-00419,0.674065981264517,0.00101409290123457,FW low saline|cold,FW_resident,Tributary
BH-00419,10,2009,Peene,958,5780,f,2019-07-12,187.5,5,2014,155.8,1136.6,1909.4,3,BH-00419,0.912337212643524,0.00122248611111111,FW low saline|cold,FW_resident,Tributary
BH-00419,10,2009,Peene,958,5780,f,2019-07-12,187.5,6,2015,150.9,1287.5,1909.4,3,BH-00419,0.859899633682213,0.00109905555555556,FW low saline|cold,FW_resident,Tributary
BH-00419,10,2009,Peene,958,5780,f,2019-07-12,187.5,7,2016,162.6,1450.1,1909.4,3,BH-00419,1.07669098904362,0.00116771913580247,FW low saline|cold,FW_resident,Tributary
BH-00419,10,2009,Peene,958,5780,f,2019-07-12,187.5,8,2017,124.7,1574.8,1909.4,3,BH-00419,1.82682476350976,0.00116242962962963,FW low saline|cold,FW_resident,Tributary
BH-00419,10,2009,Peene,958,5780,f,2019-07-12,187.5,9,2018,112.8,1687.6,1909.4,3,BH-00419,1.60263406895733,0.00124373611111111,FW low saline|cold,FW_resident,Tributary
BH-00419,10,2009,Peene,958,5780,f,2019-07-12,187.5,10,2019,128.5,1816.1,1909.4,3,BH-00419,1.77193754116138,0.00114109259259259,FW low saline|cold,FW_resident,Tributary
BH-00424,2,2017,Peene,425,508.3,m,2019-07-12,178.7,1,2018,394.1,394.1,815.6,3,BH-00424,1.28644989130025,0.000972502222222223,FW low saline|cold,FW_resident,Tributary
BH-00424,2,2017,Peene,425,508.3,m,2019-07-12,178.7,2,2019,266.7,660.8,815.6,3,BH-00424,1.29386187462257,0.000873493827160494,FW low saline|cold,FW_resident,Tributary
BH-00670,4,2015,KB,680,,f,,147.6,1,2016,512.9,512.9,1367.6,3,BH-00670,0.0470119265547897,0.00425345745745746,BW int saline|cold,BW-resident,WRB
BH-00670,4,2015,KB,680,,f,,147.6,2,2017,260.9,773.8,1367.6,3,BH-00670,0.793214353767653,0.00454698948948949,BW int saline|cold,BW-resident,WRB
BH-00670,4,2015,KB,680,,f,,147.6,3,2018,229.3,1003.1,1367.6,3,BH-00670,0.422577016432282,0.00496582582582583,BW int saline|cold,BW-resident,WRB
BH-00670,4,2015,KB,680,,f,,147.6,4,2019,217,1220.1,1367.6,3,BH-00670,1.33417575724624,0.00499731731731732,BW int saline|cold,BW-resident,WRB
BH-00681,2,2018,WB,630,,m,,310.4,1,2019,584.7,584.7,856.9,3,BH-00681,-0.734554105143686,0.00369292831541219,BW Low saline|shift,Trans-habitat,NRB
BH-00681,2,2018,WB,630,,m,,310.4,2,2020,272.2,856.9,856.9,3,BH-00681,0.667610960620489,0.00371781959378734,BW Low saline|shift,Trans-habitat,NRB
BH-00685,3,2017,WB,720,,m,,156.7,1,2018,563.4,563.4,1045.4,3,BH-00685,0.400307795778366,0.00283496825396826,BW Low saline|shift,Trans-habitat,NRB
BH-00685,3,2017,WB,720,,m,,156.7,2,2019,211.5,774.9,1045.4,3,BH-00685,0.449803216453768,0.00334357864357864,BW Low saline|shift,Trans-habitat,NRB
BH-00685,3,2017,WB,720,,m,,156.7,3,2020,270.5,1045.4,1045.4,3,BH-00685,0.435688175329081,0.00423857142857143,BW Low saline|shift,Trans-habitat,NRB
BH-00689,2,2018,WB,600,,m,,197.7,1,2019,561,561,877.1,3,BH-00689,-1.29131045206692,0.00455131944444444,BW high saline|warm,BW-resident,NRB
BH-00689,2,2018,WB,600,,m,,197.7,2,2020,316.1,877.1,877.1,3,BH-00689,0.101648819296665,0.00409530864197531,BW high saline|warm,BW-resident,NRB
BH-00696,4,2016,WB,790,,f,,125.6,1,2017,499.4,499.4,1042.2,3,BH-00696,-0.0684639282153971,0.00380396666666667,BW int saline|cold,BW-resident,NRB
BH-00696,4,2016,WB,790,,f,,125.6,2,2018,203.5,702.9,1042.2,3,BH-00696,0.380235158570911,0.00493840362811791,BW int saline|cold,BW-resident,NRB
BH-00696,4,2016,WB,790,,f,,125.6,3,2019,184.2,887.1,1042.2,3,BH-00696,-0.59922457075006,0.00580182857142857,BW int saline|cold,BW-resident,NRB
BH-00696,4,2016,WB,790,,f,,125.6,4,2020,155.1,1042.2,1042.2,3,BH-00696,-0.0930606078512155,0.00602001587301587,BW int saline|cold,BW-resident,NRB
BH-00729,4,2015,SB,770,,f,,151.4,1,2016,461,461,1335.6,3,BH-00729,-0.276805998888673,0.00420238859180036,BW high saline|cold,BW-resident,WRB
BH-00729,4,2015,SB,770,,f,,151.4,2,2017,347.4,808.4,1335.6,3,BH-00729,0.0261875816837467,0.00525254901960784,BW high saline|cold,BW-resident,WRB
BH-00729,4,2015,SB,770,,f,,151.4,3,2018,221.9,1030.3,1335.6,3,BH-00729,0.137933446338048,0.00534174291938998,BW high saline|cold,BW-resident,WRB
BH-00729,4,2015,SB,770,,f,,151.4,4,2019,205.3,1235.6,1335.6,3,BH-00729,0.510366110604737,0.00520027777777778,BW high saline|cold,BW-resident,WRB
BH-00730,8,2011,SB,758,,m,2019-12-14,179.8,1,2012,491.2,491.2,1698.1,3,BH-00730,-0.818977919376468,0.00413852206273259,BW high saline|warm,BW-resident,WRB
BH-00730,8,2011,SB,758,,m,2019-12-14,179.8,2,2013,393.6,884.8,1698.1,3,BH-00730,-1.79214586293719,0.00563860902255639,BW high saline|warm,BW-resident,WRB
BH-00730,8,2011,SB,758,,m,2019-12-14,179.8,3,2014,146.7,1031.5,1698.1,3,BH-00730,-1.80609837774245,0.00638740740740741,BW high saline|warm,BW-resident,WRB
BH-00730,8,2011,SB,758,,m,2019-12-14,179.8,4,2015,147.6,1179.1,1698.1,3,BH-00730,-2.05430348470889,0.0067996686159844,BW high saline|warm,BW-resident,WRB
BH-00730,8,2011,SB,758,,m,2019-12-14,179.8,5,2016,123.8,1302.9,1698.1,3,BH-00730,-0.844592687516037,0.00644906432748538,BW high saline|warm,BW-resident,WRB
BH-00730,8,2011,SB,758,,m,2019-12-14,179.8,6,2017,132.9,1435.8,1698.1,3,BH-00730,-2.03462019835894,0.00697945419103314,BW high saline|warm,BW-resident,WRB
BH-00730,8,2011,SB,758,,m,2019-12-14,179.8,7,2018,87.6,1523.4,1698.1,3,BH-00730,-1.65372171896483,0.00610576023391813,BW high saline|warm,BW-resident,WRB
BH-00732,1,2018,SB,617,,f,2019-12-14,172.3,1,2019,510,510,766.8,3,BH-00732,-0.321789346633903,0.00344852026143791,BW Low saline|shift,Trans-habitat,WRB
BH-00742,1,2018,GB,550,,m,2019-11-08,153.2,1,2019,607.4,607.4,882.3,3,BH-00742,-0.493243934638594,0.00194460541310541,BW Low saline|shift,Trans-habitat,GB
BH-00750,1,2018,GB,560,,f,,193.5,1,2019,696.7,696.7,833.5,3,BH-00750,-1.14858699366057,0.00111217681992337,BW Low saline|shift,Trans-habitat,GB
BH-01555,5,2015,BEG,760,,f,2020-02-08,191.7,1,2016,424,424,1469.7,3,BH-01555,1.2102078339605,0.00352531428571429,BW high saline|warm,BW-resident,NRB
BH-01555,5,2015,BEG,760,,f,2020-02-08,191.7,2,2017,458,882,1469.7,3,BH-01555,-0.0197734492572364,0.00422591666666667,BW high saline|warm,BW-resident,NRB
BH-01555,5,2015,BEG,760,,f,2020-02-08,191.7,3,2018,250.7,1132.7,1469.7,3,BH-01555,-0.198827282050802,0.00539662222222222,BW high saline|warm,BW-resident,NRB
BH-01555,5,2015,BEG,760,,f,2020-02-08,191.7,4,2019,205.9,1338.6,1469.7,3,BH-01555,-0.524763538773433,0.00602539682539683,BW high saline|warm,BW-resident,NRB
BH-01555,5,2015,BEG,760,,f,2020-02-08,191.7,5,2020,131.1,1469.7,1469.7,3,BH-01555,-0.7960546455875,0.00589234920634921,BW high saline|warm,BW-resident,NRB
BH-01556,10,2010,BEG,1110,,f,2020-02-08,237.6,1,2011,378.8,378.8,1705.7,3,BH-01556,0.814391917341104,0.00418887731481482,BW int saline|cold,BW-resident,NRB
BH-01556,10,2010,BEG,1110,,f,2020-02-08,237.6,2,2012,224.6,603.4,1705.7,3,BH-01556,1.10869663953548,0.00386670138888889,BW int saline|cold,BW-resident,NRB
BH-01556,10,2010,BEG,1110,,f,2020-02-08,237.6,3,2013,191,794.4,1705.7,3,BH-01556,0.856082398186612,0.00428884259259259,BW int saline|cold,BW-resident,NRB
BH-01556,10,2010,BEG,1110,,f,2020-02-08,237.6,4,2014,162.5,956.9,1705.7,3,BH-01556,1.14937672503447,0.00463895833333333,BW int saline|cold,BW-resident,NRB
BH-01556,10,2010,BEG,1110,,f,2020-02-08,237.6,5,2015,144.4,1101.3,1705.7,3,BH-01556,1.4361803418246,0.00420052083333333,BW int saline|cold,BW-resident,NRB
BH-01556,10,2010,BEG,1110,,f,2020-02-08,237.6,6,2016,132.6,1233.9,1705.7,3,BH-01556,0.975481144887151,0.00470009259259259,BW int saline|cold,BW-resident,NRB
BH-01556,10,2010,BEG,1110,,f,2020-02-08,237.6,7,2017,103.8,1337.7,1705.7,3,BH-01556,1.07881006227696,0.00519600694444445,BW int saline|cold,BW-resident,NRB
BH-01556,10,2010,BEG,1110,,f,2020-02-08,237.6,8,2018,144.4,1482.1,1705.7,3,BH-01556,0.980121557566933,0.00553541666666667,BW int saline|cold,BW-resident,NRB
BH-01556,10,2010,BEG,1110,,f,2020-02-08,237.6,9,2019,114.3,1596.4,1705.7,3,BH-01556,0.561013145353737,0.00554930555555556,BW int saline|cold,BW-resident,NRB
BH-01556,10,2010,BEG,1110,,f,2020-02-08,237.6,10,2020,109.3,1705.7,1705.7,3,BH-01556,-0.141237139293559,0.00562187500000001,BW int saline|cold,BW-resident,NRB
BH-01560,7,2013,BEG,820,,f,2020-02-08,167.5,1,2014,521.2,521.2,1446.2,3,BH-01560,-0.560857077023112,0.00402192857142857,BW int saline|cold,BW-resident,NRB
BH-01560,7,2013,BEG,820,,f,2020-02-08,167.5,2,2015,203,724.2,1446.2,3,BH-01560,1.03713294856617,0.0035745,BW int saline|cold,BW-resident,NRB
BH-01560,7,2013,BEG,820,,f,2020-02-08,167.5,3,2016,173.6,897.8,1446.2,3,BH-01560,1.54557377202572,0.00379611111111111,BW int saline|cold,BW-resident,NRB
BH-01560,7,2013,BEG,820,,f,2020-02-08,167.5,4,2017,167.2,1065,1446.2,3,BH-01560,1.32758655654112,0.00441833333333334,BW int saline|cold,BW-resident,NRB
BH-01560,7,2013,BEG,820,,f,2020-02-08,167.5,5,2018,160.7,1225.7,1446.2,3,BH-01560,-0.0366408856069048,0.00531916666666667,BW int saline|cold,BW-resident,NRB
BH-01560,7,2013,BEG,820,,f,2020-02-08,167.5,6,2019,113,1338.7,1446.2,3,BH-01560,0.853110565748343,0.00534605555555556,BW int saline|cold,BW-resident,NRB
BH-01567,2,2018,BEG,460,,m,2020-02-28,126.6,1,2019,476.7,476.7,745.8,3,BH-01567,-0.70769845042087,0.00401213403880071,BW Low saline|shift,Trans-habitat,NRB
BH-01567,2,2018,BEG,460,,m,2020-02-28,126.6,2,2020,269.1,745.8,745.8,3,BH-01567,1.74545063914801,0.00381597402597403,BW Low saline|shift,Trans-habitat,NRB
BH-01569,2,2018,BEG,550,,m,2020-02-28,171.4,1,2019,552.4,552.4,815.8,3,BH-01569,0.068717533419751,0.00343786764705883,BW Low saline|shift,Trans-habitat,NRB
BH-01569,2,2018,BEG,550,,m,2020-02-28,171.4,2,2020,263.4,815.8,815.8,3,BH-01569,0.426661066790283,0.00386769097222222,BW Low saline|shift,Trans-habitat,NRB
BH-01570,10,2010,BEG,980,,f,,93.5,1,2011,423.1,423.1,1837.3,3,BH-01570,2.12234158378159,0.00280474747474748,BW high saline|cold,BW-resident,NRB
BH-01570,10,2010,BEG,980,,f,,93.5,2,2012,188.3,611.4,1837.3,3,BH-01570,1.71312519152853,0.00419375,BW high saline|cold,BW-resident,NRB
BH-01570,10,2010,BEG,980,,f,,93.5,3,2013,179.8,791.2,1837.3,3,BH-01570,0.884065666418685,0.00460611111111111,BW high saline|cold,BW-resident,NRB
BH-01570,10,2010,BEG,980,,f,,93.5,4,2014,209.4,1000.6,1837.3,3,BH-01570,0.558697460010641,0.005182,BW high saline|cold,BW-resident,NRB
BH-01570,10,2010,BEG,980,,f,,93.5,5,2015,150,1150.6,1837.3,3,BH-01570,1.0129746025909,0.00571481481481482,BW high saline|cold,BW-resident,NRB
BH-01570,10,2010,BEG,980,,f,,93.5,6,2016,129.6,1280.2,1837.3,3,BH-01570,1.0403203786848,0.00542611111111111,BW high saline|cold,BW-resident,NRB
BH-01570,10,2010,BEG,980,,f,,93.5,7,2017,144.4,1424.6,1837.3,3,BH-01570,1.23549651487066,0.00523333333333333,BW high saline|cold,BW-resident,NRB
BH-01570,10,2010,BEG,980,,f,,93.5,8,2018,143,1567.6,1837.3,3,BH-01570,0.519212839109492,0.00644911111111111,BW high saline|cold,BW-resident,NRB
BH-01570,10,2010,BEG,980,,f,,93.5,9,2019,140.9,1708.5,1837.3,3,BH-01570,1.4381425700138,0.00596666666666667,BW high saline|cold,BW-resident,NRB
BH-01570,10,2010,BEG,980,,f,,93.5,10,2020,128.8,1837.3,1837.3,3,BH-01570,1.16364221279251,0.00608047619047619,BW high saline|cold,BW-resident,NRB
BH-01571,2,2018,BEG,520,,f,2020-02-28,97.3,1,2019,517.9,517.9,799.2,3,BH-01571,-0.614617122266732,0.00318534757834758,BW Low saline|shift,Trans-habitat,NRB
BH-01571,2,2018,BEG,520,,f,2020-02-28,97.3,2,2020,281.3,799.2,799.2,3,BH-01571,1.10287305265614,0.00352635327635328,BW Low saline|shift,Trans-habitat,NRB
BH-01576,2,2018,BEG,570,,f,2020-02-28,180.9,1,2019,591.4,591.4,866.9,3,BH-01576,1.28759618472645,0.00302666245791246,BW int saline|cold,BW-resident,NRB
BH-01576,2,2018,BEG,570,,f,2020-02-28,180.9,2,2020,275.5,866.9,866.9,3,BH-01576,1.5506263978543,0.00444308754208754,BW int saline|cold,BW-resident,NRB
BH-01580,2,2018,BEG,490,,f,2020-02-28,88.6,1,2019,690.9,690.9,999.9,3,BH-01580,-0.894900042330529,0.00341010346378768,BW Low saline|shift,Trans-habitat,NRB
BH-01580,2,2018,BEG,490,,f,2020-02-28,88.6,2,2020,309,999.9,999.9,3,BH-01580,1.28018563814951,0.0038360202991453,BW Low saline|shift,Trans-habitat,NRB
BH-01582,7,2013,BEG,830,,f,,124.8,1,2014,434.6,434.6,1422.6,3,BH-01582,-0.280269824883241,0.00332998306233062,BW int saline|cold,BW-resident,NRB
BH-01582,7,2013,BEG,830,,f,,124.8,2,2015,245.4,680,1422.6,3,BH-01582,0.651195495445433,0.00431861788617886,BW int saline|cold,BW-resident,NRB
BH-01582,7,2013,BEG,830,,f,,124.8,3,2016,208.6,888.6,1422.6,3,BH-01582,0.545283545464659,0.00450420054200542,BW int saline|cold,BW-resident,NRB
BH-01582,7,2013,BEG,830,,f,,124.8,4,2017,163.3,1051.9,1422.6,3,BH-01582,1.26372044779138,0.00431867750677507,BW int saline|cold,BW-resident,NRB
BH-01582,7,2013,BEG,830,,f,,124.8,5,2018,117.7,1169.6,1422.6,3,BH-01582,0.584617980180831,0.00483731707317073,BW int saline|cold,BW-resident,NRB
BH-01582,7,2013,BEG,830,,f,,124.8,6,2019,116.8,1286.4,1422.6,3,BH-01582,0.848356230265872,0.00520010840108401,BW int saline|cold,BW-resident,NRB
BH-01582,7,2013,BEG,830,,f,,124.8,7,2020,136.2,1422.6,1422.6,3,BH-01582,0.597260309282488,0.00499683830171635,BW int saline|cold,BW-resident,NRB
BH-01585,10,2010,WB,760,,m,,194.7,1,2011,386.4,386.4,1646.9,3,BH-01585,-1.66980490376959,0.00339512987012987,BW high saline|warm,BW-resident,NRB
BH-01585,10,2010,WB,760,,m,,194.7,2,2012,212.2,598.6,1646.9,3,BH-01585,-0.410105637460219,0.00453702947845805,BW high saline|warm,BW-resident,NRB
BH-01585,10,2010,WB,760,,m,,194.7,3,2013,167.1,765.7,1646.9,3,BH-01585,-0.302087285380318,0.00454804761904762,BW high saline|warm,BW-resident,NRB
BH-01585,10,2010,WB,760,,m,,194.7,4,2014,142.9,908.6,1646.9,3,BH-01585,-0.430365047541751,0.00507009920634921,BW high saline|warm,BW-resident,NRB
BH-01585,10,2010,WB,760,,m,,194.7,5,2015,122.5,1031.1,1646.9,3,BH-01585,0.00983889167022565,0.00536621693121693,BW high saline|warm,BW-resident,NRB
BH-01585,10,2010,WB,760,,m,,194.7,6,2016,169.1,1200.2,1646.9,3,BH-01585,0.288083867106459,0.00573305555555556,BW high saline|warm,BW-resident,NRB
BH-01585,10,2010,WB,760,,m,,194.7,7,2017,111.3,1311.5,1646.9,3,BH-01585,0.239483989387898,0.00591214285714286,BW high saline|warm,BW-resident,NRB
BH-01585,10,2010,WB,760,,m,,194.7,8,2018,102.2,1413.7,1646.9,3,BH-01585,-0.168703639167103,0.00563775132275132,BW high saline|warm,BW-resident,NRB
BH-01585,10,2010,WB,760,,m,,194.7,9,2019,101.4,1515.1,1646.9,3,BH-01585,-0.83055342027306,0.00582565476190477,BW high saline|warm,BW-resident,NRB
BH-01588,10,2010,KJB,1050,,f,,175.4,1,2011,437.7,437.7,1774,3,BH-01588,-0.0294127790832573,0.00425497507122507,BW int saline|cold,BW-resident,NRB
BH-01588,10,2010,KJB,1050,,f,,175.4,2,2012,214.4,652.1,1774,3,BH-01588,0.474225831454041,0.00384934472934473,BW int saline|cold,BW-resident,NRB
BH-01588,10,2010,KJB,1050,,f,,175.4,3,2013,167.7,819.8,1774,3,BH-01588,0.682169632322667,0.00376816951566952,BW int saline|cold,BW-resident,NRB
BH-01588,10,2010,KJB,1050,,f,,175.4,4,2014,149.5,969.3,1774,3,BH-01588,1.37188176001609,0.00380495726495727,BW int saline|cold,BW-resident,NRB
BH-01588,10,2010,KJB,1050,,f,,175.4,5,2015,138.4,1107.7,1774,3,BH-01588,1.0976927068925,0.00454477564102564,BW int saline|cold,BW-resident,NRB
BH-01588,10,2010,KJB,1050,,f,,175.4,6,2016,110.2,1217.9,1774,3,BH-01588,1.71196851111517,0.00462307692307692,BW int saline|cold,BW-resident,NRB
BH-01588,10,2010,KJB,1050,,f,,175.4,7,2017,119.9,1337.8,1774,3,BH-01588,2.20451169047442,0.00391490028490028,BW int saline|cold,BW-resident,NRB
BH-01588,10,2010,KJB,1050,,f,,175.4,8,2018,149.5,1487.3,1774,3,BH-01588,1.55446344829036,0.00446780982905983,BW int saline|cold,BW-resident,NRB
BH-01588,10,2010,KJB,1050,,f,,175.4,9,2019,138.4,1625.7,1774,3,BH-01588,1.39379415087109,0.00418765567765568,BW int saline|cold,BW-resident,NRB
BH-01588,10,2010,KJB,1050,,f,,175.4,10,2020,148.3,1774,1774,3,BH-01588,1.39428363120081,0.004305,BW int saline|cold,BW-resident,NRB
BH-01594,2,2018,WB,630,,f,,271.6,1,2019,569,569,869,3,BH-01594,-1.47982691066903,0.00371918679549114,BW high saline|warm,BW-resident,NRB
BH-01594,2,2018,WB,630,,f,,271.6,2,2020,300,869,869,3,BH-01594,-0.728125745757245,0.0044575,BW high saline|warm,BW-resident,NRB
BH-01595,4,2016,WB,690,,m,,172.8,1,2017,518.8,518.8,1182.9,3,BH-01595,-0.183130890127274,0.00320152777777778,BW Low saline|shift,Trans-habitat,NRB
BH-01595,4,2016,WB,690,,m,,172.8,2,2018,256.2,775,1182.9,3,BH-01595,0.315193563969745,0.00368664141414141,BW Low saline|shift,Trans-habitat,NRB
BH-01595,4,2016,WB,690,,m,,172.8,3,2019,199.5,974.5,1182.9,3,BH-01595,-0.156110486774849,0.00470313131313131,BW Low saline|shift,Trans-habitat,NRB
BH-01595,4,2016,WB,690,,m,,172.8,4,2020,208.4,1182.9,1182.9,3,BH-01595,0.196767627439536,0.00509153535353535,BW Low saline|shift,Trans-habitat,NRB
BH-01596,2,2018,GJB,660,,f,,285.4,1,2019,556.4,556.4,833.5,3,BH-01596,0.01461123259046,0.00310688405797101,BW Low saline|shift,Trans-habitat,NRB
BH-01596,2,2018,GJB,660,,f,,285.4,2,2020,277.1,833.5,833.5,3,BH-01596,0.796315106304212,0.00410373958333333,BW Low saline|shift,Trans-habitat,NRB
BH-01598,4,2016,GJB,750,,f,,259.2,1,2017,536.1,536.1,1280.8,3,BH-01598,0.479109970422748,0.00359147034252297,BW int saline|cold,BW-resident,NRB
BH-01598,4,2016,GJB,750,,f,,259.2,2,2018,238.5,774.6,1280.8,3,BH-01598,1.08129018218829,0.0038782380952381,BW int saline|cold,BW-resident,NRB
BH-01598,4,2016,GJB,750,,f,,259.2,3,2019,211.3,985.9,1280.8,3,BH-01598,0.766872003223135,0.00447941798941799,BW int saline|cold,BW-resident,NRB
BH-01598,4,2016,GJB,750,,f,,259.2,4,2020,294.9,1280.8,1280.8,3,BH-01598,1.01032229241279,0.00525036281179138,BW int saline|cold,BW-resident,NRB
BH-01713,7,2013,SB,980,7200,f,2020-01-08,211.6,1,2014,656.1,656.1,1649.4,3,BH-01713,0.879825331559414,0.00356309500165508,BW int saline|cold,BW-resident,WRB
BH-01713,7,2013,SB,980,7200,f,2020-01-08,211.6,2,2015,233,889.1,1649.4,3,BH-01713,1.0644620147749,0.00351435459718479,BW int saline|cold,BW-resident,WRB
BH-01713,7,2013,SB,980,7200,f,2020-01-08,211.6,3,2016,182.3,1071.4,1649.4,3,BH-01713,1.03583078437262,0.00403822374690299,BW int saline|cold,BW-resident,WRB
BH-01713,7,2013,SB,980,7200,f,2020-01-08,211.6,4,2017,178.1,1249.5,1649.4,3,BH-01713,0.653092120923549,0.00474492662473795,BW int saline|cold,BW-resident,WRB
BH-01713,7,2013,SB,980,7200,f,2020-01-08,211.6,5,2018,167.1,1416.6,1649.4,3,BH-01713,0.321566148330539,0.00477955974842767,BW int saline|cold,BW-resident,WRB
BH-01713,7,2013,SB,980,7200,f,2020-01-08,211.6,6,2019,124,1540.6,1649.4,3,BH-01713,0.173456614959751,0.00521988120195667,BW int saline|cold,BW-resident,WRB
BH-01713,7,2013,SB,980,7200,f,2020-01-08,211.6,7,2020,108.8,1649.4,1649.4,3,BH-01713,-0.097840998302176,0.00532806079664571,BW int saline|cold,BW-resident,WRB
BH-01717,13,2007,BEG,1040,,f,,118.7,1,2008,445.4,445.4,1954.8,3,BH-01717,0.441283333361825,0.00365229548229548,BW int saline|cold,BW-resident,NRB
BH-01717,13,2007,BEG,1040,,f,,118.7,2,2009,202.6,648,1954.8,3,BH-01717,0.751714924060675,0.00414982905982906,BW int saline|cold,BW-resident,NRB
BH-01717,13,2007,BEG,1040,,f,,118.7,3,2010,129,777,1954.8,3,BH-01717,1.29581718193526,0.00404100427350427,BW int saline|cold,BW-resident,NRB
BH-01717,13,2007,BEG,1040,,f,,118.7,4,2011,128.6,905.6,1954.8,3,BH-01717,0.997857789236039,0.00479594017094017,BW int saline|cold,BW-resident,NRB
BH-01717,13,2007,BEG,1040,,f,,118.7,5,2012,137,1042.6,1954.8,3,BH-01717,0.457342448826438,0.00481273504273504,BW int saline|cold,BW-resident,NRB
BH-01717,13,2007,BEG,1040,,f,,118.7,6,2013,164.3,1206.9,1954.8,3,BH-01717,0.702808990096317,0.00453617521367521,BW int saline|cold,BW-resident,NRB
BH-01717,13,2007,BEG,1040,,f,,118.7,7,2014,134.2,1341.1,1954.8,3,BH-01717,1.39319097554342,0.00421666666666667,BW int saline|cold,BW-resident,NRB
BH-01717,13,2007,BEG,1040,,f,,118.7,8,2015,106.8,1447.9,1954.8,3,BH-01717,1.88852425157196,0.00442106837606838,BW int saline|cold,BW-resident,NRB
BH-01717,13,2007,BEG,1040,,f,,118.7,9,2016,74,1521.9,1954.8,3,BH-01717,1.82277296092573,0.0050497435897436,BW int saline|cold,BW-resident,NRB
BH-01717,13,2007,BEG,1040,,f,,118.7,10,2017,71.2,1593.1,1954.8,3,BH-01717,0.822332511621752,0.00540712250712251,BW int saline|cold,BW-resident,NRB
BH-01717,13,2007,BEG,1040,,f,,118.7,11,2018,136.9,1730,1954.8,3,BH-01717,0.498325511322048,0.00561497863247864,BW int saline|cold,BW-resident,NRB
BH-01717,13,2007,BEG,1040,,f,,118.7,12,2019,101.5,1831.5,1954.8,3,BH-01717,0.53496178499181,0.00507777777777778,BW int saline|cold,BW-resident,NRB
BH-01719,1,2018,SB,550,1400,f,2019-12-23,120.1,1,2019,595,595,825.7,3,BH-01719,0.387558183868324,0.00378088566827697,BW Low saline|shift,Trans-habitat,WRB
BH-01722,13,2007,BEG,950,,f,,101.8,1,2008,405.7,405.7,1897.3,3,BH-01722,1.19249550053179,0.00423665384615385,BW high saline|cold,BW-resident,NRB
BH-01722,13,2007,BEG,950,,f,,101.8,2,2009,193.6,599.3,1897.3,3,BH-01722,0.793599283053946,0.00419021367521368,BW high saline|cold,BW-resident,NRB
BH-01722,13,2007,BEG,950,,f,,101.8,3,2010,141.5,740.8,1897.3,3,BH-01722,1.37204957173357,0.00441461538461538,BW high saline|cold,BW-resident,NRB
BH-01722,13,2007,BEG,950,,f,,101.8,4,2011,157.3,898.1,1897.3,3,BH-01722,1.83114242139325,0.00481866096866097,BW high saline|cold,BW-resident,NRB
BH-01722,13,2007,BEG,950,,f,,101.8,5,2012,159.3,1057.4,1897.3,3,BH-01722,1.87555794653364,0.00573190883190883,BW high saline|cold,BW-resident,NRB
BH-01722,13,2007,BEG,950,,f,,101.8,6,2013,95.8,1153.2,1897.3,3,BH-01722,0.558579049358353,0.00544196581196581,BW high saline|cold,BW-resident,NRB
BH-01722,13,2007,BEG,950,,f,,101.8,7,2014,168.1,1321.3,1897.3,3,BH-01722,0.88527738761565,0.00541789886039886,BW high saline|cold,BW-resident,NRB
BH-01722,13,2007,BEG,950,,f,,101.8,8,2015,108.5,1429.8,1897.3,3,BH-01722,1.71442464282042,0.00517967948717949,BW high saline|cold,BW-resident,NRB
BH-01722,13,2007,BEG,950,,f,,101.8,9,2016,112.1,1541.9,1897.3,3,BH-01722,1.89876035759771,0.00532276353276353,BW high saline|cold,BW-resident,NRB
BH-01722,13,2007,BEG,950,,f,,101.8,10,2017,100.1,1642,1897.3,3,BH-01722,2.03549122236122,0.00534509615384616,BW high saline|cold,BW-resident,NRB
BH-01722,13,2007,BEG,950,,f,,101.8,11,2018,102.9,1744.9,1897.3,3,BH-01722,1.34719831485112,0.00511380341880342,BW high saline|cold,BW-resident,NRB
BH-01722,13,2007,BEG,950,,f,,101.8,12,2019,77.9,1822.8,1897.3,3,BH-01722,1.46407469425208,0.0052985754985755,BW high saline|cold,BW-resident,NRB
BH-01722,13,2007,BEG,950,,f,,101.8,13,2020,74.5,1897.3,1897.3,3,BH-01722,1.05479633101686,0.00514790598290599,BW high saline|cold,BW-resident,NRB
BH-01731,9,2011,SB,950,6800,m,2020-01-08,147.3,1,2012,462.1,462.1,1752.5,3,BH-01731,-0.164978477256937,0.0041809705753184,BW high saline|cold,BW-resident,WRB
BH-01731,9,2011,SB,950,6800,m,2020-01-08,147.3,2,2013,201.9,664,1752.5,3,BH-01731,0.322830270708637,0.00451585990338164,BW high saline|cold,BW-resident,WRB
BH-01731,9,2011,SB,950,6800,m,2020-01-08,147.3,3,2014,157,821,1752.5,3,BH-01731,-0.0856206978260077,0.00552273349436393,BW high saline|cold,BW-resident,WRB
BH-01731,9,2011,SB,950,6800,m,2020-01-08,147.3,4,2015,148,969,1752.5,3,BH-01731,-0.777118740830466,0.00634240942028986,BW high saline|cold,BW-resident,WRB
BH-01731,9,2011,SB,950,6800,m,2020-01-08,147.3,5,2016,124.5,1093.5,1752.5,3,BH-01731,-0.420678395794884,0.00613173913043478,BW high saline|cold,BW-resident,WRB
BH-01731,9,2011,SB,950,6800,m,2020-01-08,147.3,6,2017,164,1257.5,1752.5,3,BH-01731,-0.745628683105709,0.00615002415458937,BW high saline|cold,BW-resident,WRB
BH-01731,9,2011,SB,950,6800,m,2020-01-08,147.3,7,2018,161.5,1419,1752.5,3,BH-01731,-0.0193509860231523,0.00567384863123994,BW high saline|cold,BW-resident,WRB
BH-01731,9,2011,SB,950,6800,m,2020-01-08,147.3,8,2019,155.1,1574.1,1752.5,3,BH-01731,-0.0365551095477207,0.00569675523349436,BW high saline|cold,BW-resident,WRB
BH-01737,8,2012,KB,1130,11500,f,2020-02-27,224.9,1,2013,430.6,430.6,1444,3,BH-01737,0.709810112137744,0.00462807461873638,BW high saline|warm,BW-resident,WRB
BH-01737,8,2012,KB,1130,11500,f,2020-02-27,224.9,2,2014,194.1,624.7,1444,3,BH-01737,-1.17885127309937,0.00518174603174603,BW high saline|warm,BW-resident,WRB
BH-01737,8,2012,KB,1130,11500,f,2020-02-27,224.9,3,2015,249.1,873.8,1444,3,BH-01737,-1.11614168219977,0.00458286129266522,BW high saline|warm,BW-resident,WRB
BH-01737,8,2012,KB,1130,11500,f,2020-02-27,224.9,4,2016,163.7,1037.5,1444,3,BH-01737,-0.623702073510296,0.00555522875816994,BW high saline|warm,BW-resident,WRB
BH-01737,8,2012,KB,1130,11500,f,2020-02-27,224.9,5,2017,143.9,1181.4,1444,3,BH-01737,-0.276409475568753,0.00541295051353875,BW high saline|warm,BW-resident,WRB
BH-01737,8,2012,KB,1130,11500,f,2020-02-27,224.9,6,2018,120.6,1302,1444,3,BH-01737,-0.624657707742046,0.00586897603485839,BW high saline|warm,BW-resident,WRB
BH-01737,8,2012,KB,1130,11500,f,2020-02-27,224.9,7,2019,94.8,1396.8,1444,3,BH-01737,-0.72468726472354,0.00542225708061002,BW high saline|warm,BW-resident,WRB
BH-01737,8,2012,KB,1130,11500,f,2020-02-27,224.9,8,2020,47.2,1444,1444,3,BH-01737,-1.32493920876506,0.00579332244008715,BW high saline|warm,BW-resident,WRB
BH-01738,7,2012,SB,860,5400,f,2019-12-23,233.9,1,2013,430.9,430.9,1401.8,3,BH-01738,-1.58268853482148,0.00369906164757229,BW high saline|warm,BW-resident,WRB
BH-01738,7,2012,SB,860,5400,f,2019-12-23,233.9,2,2014,200.2,631.1,1401.8,3,BH-01738,-0.581774716622102,0.00382996650906226,BW high saline|warm,BW-resident,WRB
BH-01738,7,2012,SB,860,5400,f,2019-12-23,233.9,3,2015,250.1,881.2,1401.8,3,BH-01738,-0.397870637412165,0.005339452887538,BW high saline|warm,BW-resident,WRB
BH-01738,7,2012,SB,860,5400,f,2019-12-23,233.9,4,2016,158.5,1039.7,1401.8,3,BH-01738,-0.780390470720864,0.00551358865248227,BW high saline|warm,BW-resident,WRB
BH-01738,7,2012,SB,860,5400,f,2019-12-23,233.9,5,2017,130.9,1170.6,1401.8,3,BH-01738,-1.73751617229051,0.00619543735224586,BW high saline|warm,BW-resident,WRB
BH-01738,7,2012,SB,860,5400,f,2019-12-23,233.9,6,2018,113.1,1283.7,1401.8,3,BH-01738,-1.7133181755418,0.00548777777777778,BW high saline|warm,BW-resident,WRB
BH-01738,7,2012,SB,860,5400,f,2019-12-23,233.9,7,2019,118.1,1401.8,1401.8,3,BH-01738,-2.34970783824102,0.00683339243498818,BW high saline|warm,BW-resident,WRB
BH-01758,7,2013,SB,682,2580,m,2020-05-01,171.8,1,2014,435.1,435.1,1461,3,BH-01758,-0.921671800248962,0.00410158886158886,BW high saline|warm,BW-resident,WRB
BH-01758,7,2013,SB,682,2580,m,2020-05-01,171.8,2,2015,388.5,823.6,1461,3,BH-01758,-0.430012743893736,0.00403284466284466,BW high saline|warm,BW-resident,WRB
BH-01758,7,2013,SB,682,2580,m,2020-05-01,171.8,3,2016,147.6,971.2,1461,3,BH-01758,-0.0417677679958288,0.00491008258258258,BW high saline|warm,BW-resident,WRB
BH-01758,7,2013,SB,682,2580,m,2020-05-01,171.8,4,2017,132,1103.2,1461,3,BH-01758,-0.116758804042858,0.00469904654654655,BW high saline|warm,BW-resident,WRB
BH-01758,7,2013,SB,682,2580,m,2020-05-01,171.8,5,2018,140.1,1243.3,1461,3,BH-01758,0.023297604555901,0.00508967967967968,BW high saline|warm,BW-resident,WRB
BH-01758,7,2013,SB,682,2580,m,2020-05-01,171.8,6,2019,107.1,1350.4,1461,3,BH-01758,-0.29202053160363,0.00527798798798799,BW high saline|warm,BW-resident,WRB
BH-01758,7,2013,SB,682,2580,m,2020-05-01,171.8,7,2020,79.6,1430,1461,3,BH-01758,-0.041460641537088,0.0053230930930931,BW high saline|warm,BW-resident,WRB
BH-01789,3,2017,KB,600,1700,m,2020-02-26,141.7,1,2018,318.1,318.1,797.8,3,BH-01789,-0.34578302936846,0.00313024572649573,BW Low saline|shift,Trans-habitat,WRB
BH-01789,3,2017,KB,600,1700,m,2020-02-26,141.7,2,2019,225.2,543.3,797.8,3,BH-01789,-0.279057231673986,0.00357568764568764,BW Low saline|shift,Trans-habitat,WRB
BH-01789,3,2017,KB,600,1700,m,2020-02-26,141.7,3,2020,254.5,797.8,797.8,3,BH-01789,0.162138106201515,0.00387198717948718,BW Low saline|shift,Trans-habitat,WRB
BH-01802,3,2017,SB,638,1980,m,2020-05-01,109.6,1,2018,450.2,450.2,994.8,3,BH-01802,-0.71251967805862,0.00371220071684588,BW high saline|warm,BW-resident,WRB
BH-01802,3,2017,SB,638,1980,m,2020-05-01,109.6,2,2019,218,668.2,994.8,3,BH-01802,-0.081833346967129,0.00470738799283154,BW high saline|warm,BW-resident,WRB
BH-01802,3,2017,SB,638,1980,m,2020-05-01,109.6,3,2020,158.2,826.4,994.8,3,BH-01802,-0.231401735244459,0.00526872162485066,BW high saline|warm,BW-resident,WRB
BH-01803,4,2015,SB,600,1900,m,2019-11-24,111.3,1,2016,314.1,314.1,1093.2,3,BH-01803,0.378622036302258,0.00328774955908289,BW int saline|cold,BW-resident,WRB
BH-01803,4,2015,SB,600,1900,m,2019-11-24,111.3,2,2017,186,500.1,1093.2,3,BH-01803,1.15453600228231,0.00335682275132275,BW int saline|cold,BW-resident,WRB
BH-01803,4,2015,SB,600,1900,m,2019-11-24,111.3,3,2018,206.6,706.7,1093.2,3,BH-01803,0.743804129554287,0.00422641723356009,BW int saline|cold,BW-resident,WRB
BH-01803,4,2015,SB,600,1900,m,2019-11-24,111.3,4,2019,203.2,909.9,1093.2,3,BH-01803,0.464758156361007,0.00500203174603174,BW int saline|cold,BW-resident,WRB
BH-01809,3,2017,KB,520,900,m,2020-02-26,125.6,1,2018,411.7,411.7,760.7,3,BH-01809,-0.158810280744858,0.00354070601851852,BW int saline|cold,BW-resident,WRB
BH-01809,3,2017,KB,520,900,m,2020-02-26,125.6,2,2019,120.5,532.2,760.7,3,BH-01809,0.714500746688128,0.00454483796296296,BW int saline|cold,BW-resident,WRB
BH-01809,3,2017,KB,520,900,m,2020-02-26,125.6,3,2020,228.5,760.7,760.7,3,BH-01809,1.17254856414566,0.00390742063492064,BW int saline|cold,BW-resident,WRB
BH-01812,7,2012,SB,1020,8900,f,2019-11-22,187,1,2013,421.5,421.5,1649,3,BH-01812,-0.512405153347702,0.0037380012957564,BW high saline|warm,BW-resident,WRB
BH-01812,7,2012,SB,1020,8900,f,2019-11-22,187,2,2014,211.7,633.2,1649,3,BH-01812,-0.656321902569275,0.00342506081220367,BW high saline|warm,BW-resident,WRB
BH-01812,7,2012,SB,1020,8900,f,2019-11-22,187,3,2015,213,846.2,1649,3,BH-01812,-0.154985482834807,0.00355298995788792,BW high saline|warm,BW-resident,WRB
BH-01812,7,2012,SB,1020,8900,f,2019-11-22,187,4,2016,292.3,1138.5,1649,3,BH-01812,-0.554497660306477,0.0046096201814059,BW high saline|warm,BW-resident,WRB
BH-01812,7,2012,SB,1020,8900,f,2019-11-22,187,5,2017,133.8,1272.3,1649,3,BH-01812,-0.358507554755429,0.00520993197278911,BW high saline|warm,BW-resident,WRB
BH-01812,7,2012,SB,1020,8900,f,2019-11-22,187,6,2018,139,1411.3,1649,3,BH-01812,-1.02442098721471,0.00496262131519274,BW high saline|warm,BW-resident,WRB
BH-01812,7,2012,SB,1020,8900,f,2019-11-22,187,7,2019,113,1524.3,1649,3,BH-01812,-1.0826562397378,0.00564259070294785,BW high saline|warm,BW-resident,WRB
BH-01814,6,2014,KB,780,3600,m,2020-02-26,180.1,1,2015,326.3,326.3,1558.4,3,BH-01814,-0.854510966793266,0.00445342140921409,BW high saline|warm,BW-resident,WRB
BH-01814,6,2014,KB,780,3600,m,2020-02-26,180.1,2,2016,262.4,588.7,1558.4,3,BH-01814,-0.889747263424956,0.00490539682539683,BW high saline|warm,BW-resident,WRB
BH-01814,6,2014,KB,780,3600,m,2020-02-26,180.1,3,2017,282.1,870.8,1558.4,3,BH-01814,-0.829014844696423,0.00515293887383319,BW high saline|warm,BW-resident,WRB
BH-01814,6,2014,KB,780,3600,m,2020-02-26,180.1,4,2018,272.7,1143.5,1558.4,3,BH-01814,-0.73301555364282,0.00583670280036134,BW high saline|warm,BW-resident,WRB
BH-01814,6,2014,KB,780,3600,m,2020-02-26,180.1,5,2019,211.8,1355.3,1558.4,3,BH-01814,-1.15630675701869,0.00598089818041038,BW high saline|warm,BW-resident,WRB
BH-01814,6,2014,KB,780,3600,m,2020-02-26,180.1,6,2020,203.1,1558.4,1558.4,3,BH-01814,-0.837663457901613,0.00544367886178862,BW high saline|warm,BW-resident,WRB
BH-01819,4,2016,KB,680,2800,m,2020-02-27,106.1,1,2017,396.1,396.1,1188,3,BH-01819,-1.81539488475126,0.00451657679738562,BW high saline|warm,BW-resident,WRB
BH-01819,4,2016,KB,680,2800,m,2020-02-27,106.1,2,2018,371.2,767.3,1188,3,BH-01819,-0.270057336631507,0.00475086868686869,BW high saline|warm,BW-resident,WRB
BH-01819,4,2016,KB,680,2800,m,2020-02-27,106.1,3,2019,148.7,916,1188,3,BH-01819,-0.307400527517468,0.0048494,BW high saline|warm,BW-resident,WRB
BH-01819,4,2016,KB,680,2800,m,2020-02-27,106.1,4,2020,272,1188,1188,3,BH-01819,-0.697125491419555,0.00526891666666667,BW high saline|warm,BW-resident,WRB
BH-01835,7,2013,KB,820,3800,m,2020-02-26,144.6,1,2014,410.2,410.2,1361.6,3,BH-01835,-0.171343556837481,0.00367788788788789,BW high saline|warm,BW-resident,WRB
BH-01835,7,2013,KB,820,3800,m,2020-02-26,144.6,2,2015,263.5,673.7,1361.6,3,BH-01835,-0.21643659148442,0.00436489918489919,BW high saline|warm,BW-resident,WRB
BH-01835,7,2013,KB,820,3800,m,2020-02-26,144.6,3,2016,152.1,825.8,1361.6,3,BH-01835,0.400881073144999,0.00494454054054054,BW high saline|warm,BW-resident,WRB
BH-01835,7,2013,KB,820,3800,m,2020-02-26,144.6,4,2017,192.5,1018.3,1361.6,3,BH-01835,-0.45221656408475,0.00497233033033033,BW high saline|warm,BW-resident,WRB
BH-01835,7,2013,KB,820,3800,m,2020-02-26,144.6,5,2018,104.3,1122.6,1361.6,3,BH-01835,-0.250587032925938,0.00517294294294294,BW high saline|warm,BW-resident,WRB
BH-01835,7,2013,KB,820,3800,m,2020-02-26,144.6,6,2019,92,1214.6,1361.6,3,BH-01835,-0.0920385600209103,0.00556506506506507,BW high saline|warm,BW-resident,WRB
BH-01835,7,2013,KB,820,3800,m,2020-02-26,144.6,7,2020,147,1361.6,1361.6,3,BH-01835,-0.347587257834926,0.00610334834834835,BW high saline|warm,BW-resident,WRB
BH-01846,12,2008,BEG,880,,f,2020-02-16,90.1,1,2009,563.6,563.6,2130.8,3,BH-01846,0.44063798431557,0.00450507142857143,BW high saline|cold,BW-resident,NRB
BH-01846,12,2008,BEG,880,,f,2020-02-16,90.1,2,2010,232.8,796.4,2130.8,3,BH-01846,-0.293156064088536,0.00535407029478458,BW high saline|cold,BW-resident,NRB
BH-01846,12,2008,BEG,880,,f,2020-02-16,90.1,3,2011,122.8,919.2,2130.8,3,BH-01846,0.504530217409008,0.00576384920634921,BW high saline|cold,BW-resident,NRB
BH-01846,12,2008,BEG,880,,f,2020-02-16,90.1,4,2012,109.6,1028.8,2130.8,3,BH-01846,0.42948441696207,0.00598232142857143,BW high saline|cold,BW-resident,NRB
BH-01846,12,2008,BEG,880,,f,2020-02-16,90.1,5,2013,135.9,1164.7,2130.8,3,BH-01846,-0.051243695733122,0.00620592261904762,BW high saline|cold,BW-resident,NRB
BH-01846,12,2008,BEG,880,,f,2020-02-16,90.1,6,2014,210.4,1375.1,2130.8,3,BH-01846,-0.0700155249628494,0.00573306216931217,BW high saline|cold,BW-resident,NRB
BH-01846,12,2008,BEG,880,,f,2020-02-16,90.1,7,2015,138.4,1513.5,2130.8,3,BH-01846,0.0512983011143,0.0057011507936508,BW high saline|cold,BW-resident,NRB
BH-01846,12,2008,BEG,880,,f,2020-02-16,90.1,8,2016,120.3,1633.8,2130.8,3,BH-01846,-0.102379610078203,0.00633482804232804,BW high saline|cold,BW-resident,NRB
BH-01846,12,2008,BEG,880,,f,2020-02-16,90.1,9,2017,86.2,1720,2130.8,3,BH-01846,1.50839932982369,0.00605027777777778,BW high saline|cold,BW-resident,NRB
BH-01846,12,2008,BEG,880,,f,2020-02-16,90.1,10,2018,162.8,1882.8,2130.8,3,BH-01846,1.1934443388102,0.00558856150793651,BW high saline|cold,BW-resident,NRB
BH-01846,12,2008,BEG,880,,f,2020-02-16,90.1,11,2019,102.9,1985.7,2130.8,3,BH-01846,1.1920473487649,0.00537349206349207,BW high saline|cold,BW-resident,NRB
BH-01846,12,2008,BEG,880,,f,2020-02-16,90.1,12,2020,145.1,2130.8,2130.8,3,BH-01846,0.861525191122006,0.00562383928571429,BW high saline|cold,BW-resident,NRB
BH-01850,6,2014,BEG,910,,f,2020-02-14,221.7,1,2015,564,564,1496.6,3,BH-01850,1.01112242912999,0.00297193503664092,BW int saline|cold,BW-resident,NRB
BH-01850,6,2014,BEG,910,,f,2020-02-14,221.7,2,2016,332.5,896.5,1496.6,3,BH-01850,2.28749085280645,0.00316255174291939,BW int saline|cold,BW-resident,NRB
BH-01850,6,2014,BEG,910,,f,2020-02-14,221.7,3,2017,161.9,1058.4,1496.6,3,BH-01850,1.80987137876495,0.00370311982570806,BW int saline|cold,BW-resident,NRB
BH-01850,6,2014,BEG,910,,f,2020-02-14,221.7,4,2018,181.9,1240.3,1496.6,3,BH-01850,1.97896514518421,0.00409703703703704,BW int saline|cold,BW-resident,NRB
BH-01850,6,2014,BEG,910,,f,2020-02-14,221.7,5,2019,159.7,1400,1496.6,3,BH-01850,1.41512477902299,0.00422311546840959,BW int saline|cold,BW-resident,NRB
BH-01850,6,2014,BEG,910,,f,2020-02-14,221.7,6,2020,96.6,1496.6,1496.6,3,BH-01850,0.916628502073562,0.00495033042846769,BW int saline|cold,BW-resident,NRB
BH-01855,8,2012,SB,722,2500,m,2020-05-01,142.9,1,2013,376.8,376.8,1547.8,3,BH-01855,-0.683533212720833,0.00380860890652557,BW high saline|warm,BW-resident,WRB
BH-01855,8,2012,SB,722,2500,m,2020-05-01,142.9,2,2014,246.1,622.9,1547.8,3,BH-01855,-0.493604283150443,0.00443865079365079,BW high saline|warm,BW-resident,WRB
BH-01855,8,2012,SB,722,2500,m,2020-05-01,142.9,3,2015,156.2,779.1,1547.8,3,BH-01855,-0.462327405863108,0.0052688253968254,BW high saline|warm,BW-resident,WRB
BH-01855,8,2012,SB,722,2500,m,2020-05-01,142.9,4,2016,156.2,935.3,1547.8,3,BH-01855,-1.11907948840083,0.00614365740740741,BW high saline|warm,BW-resident,WRB
BH-01855,8,2012,SB,722,2500,m,2020-05-01,142.9,5,2017,136.2,1071.5,1547.8,3,BH-01855,-0.233845313969939,0.00541189153439153,BW high saline|warm,BW-resident,WRB
BH-01855,8,2012,SB,722,2500,m,2020-05-01,142.9,6,2018,170,1241.5,1547.8,3,BH-01855,-0.596837359583081,0.00596332010582011,BW high saline|warm,BW-resident,WRB
BH-01855,8,2012,SB,722,2500,m,2020-05-01,142.9,7,2019,104.7,1346.2,1547.8,3,BH-01855,-0.607317482979267,0.00586387125220459,BW high saline|warm,BW-resident,WRB
BH-01855,8,2012,SB,722,2500,m,2020-05-01,142.9,8,2020,120.5,1466.7,1547.8,3,BH-01855,-1.13504708542558,0.00620164682539683,BW high saline|warm,BW-resident,WRB
BH-01860,7,2013,KB,940,7900,f,2020-02-27,205.7,1,2014,455.5,455.5,1616.7,3,BH-01860,0.266729660058363,0.00337890167661268,BW high saline|warm,BW-resident,WRB
BH-01860,7,2013,KB,940,7900,f,2020-02-27,205.7,2,2015,263.7,719.2,1616.7,3,BH-01860,0.273052250936021,0.00374409247757074,BW high saline|warm,BW-resident,WRB
BH-01860,7,2013,KB,940,7900,f,2020-02-27,205.7,3,2016,248.1,967.3,1616.7,3,BH-01860,-0.381648766670833,0.00443584195997239,BW high saline|warm,BW-resident,WRB
BH-01860,7,2013,KB,940,7900,f,2020-02-27,205.7,4,2017,210.4,1177.7,1616.7,3,BH-01860,-0.281130812467905,0.0046631884057971,BW high saline|warm,BW-resident,WRB
BH-01860,7,2013,KB,940,7900,f,2020-02-27,205.7,5,2018,123.4,1301.1,1616.7,3,BH-01860,-0.942900195340454,0.00540151690821256,BW high saline|warm,BW-resident,WRB
BH-01860,7,2013,KB,940,7900,f,2020-02-27,205.7,6,2019,139,1440.1,1616.7,3,BH-01860,-1.38213538147594,0.00567636876006441,BW high saline|warm,BW-resident,WRB
BH-01860,7,2013,KB,940,7900,f,2020-02-27,205.7,7,2020,176.6,1616.7,1616.7,3,BH-01860,-2.27663418586599,0.0060455958132045,BW high saline|warm,BW-resident,WRB
BH-01867,6,2013,SB,820,4800,f,2019-11-23,236.2,1,2014,464.2,464.2,1449.1,3,BH-01867,-0.378590500664772,0.00343593464052288,BW int saline|cold,BW-resident,WRB
BH-01867,6,2013,SB,820,4800,f,2019-11-23,236.2,2,2015,226.1,690.3,1449.1,3,BH-01867,0.99301203263923,0.00411421324354658,BW int saline|cold,BW-resident,WRB
BH-01867,6,2013,SB,820,4800,f,2019-11-23,236.2,3,2016,204.4,894.7,1449.1,3,BH-01867,0.660471709541028,0.00437259259259259,BW int saline|cold,BW-resident,WRB
BH-01867,6,2013,SB,820,4800,f,2019-11-23,236.2,4,2017,221.3,1116,1449.1,3,BH-01867,0.32104204414089,0.00512633950617284,BW int saline|cold,BW-resident,WRB
BH-01867,6,2013,SB,820,4800,f,2019-11-23,236.2,5,2018,152.8,1268.8,1449.1,3,BH-01867,-0.00963207447562421,0.00545539753086419,BW int saline|cold,BW-resident,WRB
BH-01867,6,2013,SB,820,4800,f,2019-11-23,236.2,6,2019,84.4,1353.2,1449.1,3,BH-01867,0.0277651066469006,0.00550382098765432,BW int saline|cold,BW-resident,WRB
BH-01868,10,2010,SB,1010,8700,f,2020-01-08,212.3,1,2011,387.6,387.6,1552.6,3,BH-01868,-0.677617199372608,0.00410649572649573,BW high saline|warm,BW-resident,WRB
BH-01868,10,2010,SB,1010,8700,f,2020-01-08,212.3,2,2012,246.2,633.8,1552.6,3,BH-01868,-1.05683679279233,0.00426473008956669,BW high saline|warm,BW-resident,WRB
BH-01868,10,2010,SB,1010,8700,f,2020-01-08,212.3,3,2013,128,761.8,1552.6,3,BH-01868,-1.26094270426841,0.00500052832244009,BW high saline|warm,BW-resident,WRB
BH-01868,10,2010,SB,1010,8700,f,2020-01-08,212.3,4,2014,148.8,910.6,1552.6,3,BH-01868,-1.28406107940291,0.00490483660130719,BW high saline|warm,BW-resident,WRB
BH-01868,10,2010,SB,1010,8700,f,2020-01-08,212.3,5,2015,152.3,1062.9,1552.6,3,BH-01868,-1.10184858575657,0.00526452069716776,BW high saline|warm,BW-resident,WRB
BH-01868,10,2010,SB,1010,8700,f,2020-01-08,212.3,6,2016,107.1,1170,1552.6,3,BH-01868,-0.25429700172686,0.00547723311546841,BW high saline|warm,BW-resident,WRB
BH-01868,10,2010,SB,1010,8700,f,2020-01-08,212.3,7,2017,95.8,1265.8,1552.6,3,BH-01868,-1.58834661325436,0.00592435003631082,BW high saline|warm,BW-resident,WRB
BH-01868,10,2010,SB,1010,8700,f,2020-01-08,212.3,8,2018,51.8,1317.6,1552.6,3,BH-01868,-1.75481165948945,0.0059438779956427,BW high saline|warm,BW-resident,WRB
BH-01868,10,2010,SB,1010,8700,f,2020-01-08,212.3,9,2019,132.5,1450.1,1552.6,3,BH-01868,-2.41449400716756,0.00638296296296296,BW high saline|warm,BW-resident,WRB
BH-01869,3,2016,SB,730,3300,f,2019-12-17,239.5,1,2017,518.7,518.7,1107.7,3,BH-01869,-1.17460263128017,0.00607188304093567,BW high saline|warm,BW-resident,WRB
BH-01869,3,2016,SB,730,3300,f,2019-12-17,239.5,2,2018,187.8,706.5,1107.7,3,BH-01869,-0.83475672000744,0.00609316161616162,BW high saline|warm,BW-resident,WRB
BH-01869,3,2016,SB,730,3300,f,2019-12-17,239.5,3,2019,158.5,865,1107.7,3,BH-01869,0.0831887515416346,0.00616204444444445,BW high saline|warm,BW-resident,WRB
BH-01882,2,2018,GB,670,,f,2020-11-12,129.1,1,2019,522.1,522.1,1044,3,BH-01882,-0.119918917643415,0.00310625548245614,BW Low saline|shift,Trans-habitat,GB
BH-01882,2,2018,GB,670,,f,2020-11-12,129.1,2,2020,267.3,789.4,1044,3,BH-01882,0.528423152705366,0.00397042013888889,BW Low saline|shift,Trans-habitat,GB
BH-01883,5,2015,GB,870,,f,2020-11-12,258.2,1,2016,444.7,444.7,1359.2,3,BH-01883,-0.648680956358672,0.00391289430894309,BW int saline|cold,BW-resident,GB
BH-01883,5,2015,GB,870,,f,2020-11-12,258.2,2,2017,250.9,695.6,1359.2,3,BH-01883,0.517642765845546,0.00352730229120473,BW int saline|cold,BW-resident,GB
BH-01883,5,2015,GB,870,,f,2020-11-12,258.2,3,2018,196.4,892,1359.2,3,BH-01883,0.728471358085474,0.00465552845528456,BW int saline|cold,BW-resident,GB
BH-01883,5,2015,GB,870,,f,2020-11-12,258.2,4,2019,138.3,1030.3,1359.2,3,BH-01883,0.333220169775908,0.00465707317073171,BW int saline|cold,BW-resident,GB
BH-01883,5,2015,GB,870,,f,2020-11-12,258.2,5,2020,165.6,1195.9,1359.2,3,BH-01883,0.46261476923961,0.00465167344173442,BW int saline|cold,BW-resident,GB
BH-01885,2,2018,GB,796,,f,2020-11-27,259,1,2019,496.7,496.7,948.2,3,BH-01885,0.345789524217847,0.00332276190476191,BW int saline|cold,BW-resident,GB
BH-01885,2,2018,GB,796,,f,2020-11-27,259,2,2020,228.3,725,948.2,3,BH-01885,0.609543822797209,0.00388512698412699,BW int saline|cold,BW-resident,GB
BH-01889,4,2016,GB,837,,f,2020-11-27,163.8,1,2017,536.5,536.5,1391.9,3,BH-01889,-0.0643255847590164,0.00307872161022712,BW Low saline|shift,Trans-habitat,GB
BH-01889,4,2016,GB,837,,f,2020-11-27,163.8,2,2018,298.7,835.2,1391.9,3,BH-01889,0.630045067310294,0.00386582687338501,BW Low saline|shift,Trans-habitat,GB
BH-01889,4,2016,GB,837,,f,2020-11-27,163.8,3,2019,200.2,1035.4,1391.9,3,BH-01889,-0.208883152204823,0.00443658053402239,BW Low saline|shift,Trans-habitat,GB
BH-01889,4,2016,GB,837,,f,2020-11-27,163.8,4,2020,227.6,1263,1391.9,3,BH-01889,-0.19508109402412,0.00526085917312662,BW Low saline|shift,Trans-habitat,GB
BH-01891,8,2012,GB,870,4348,f,2020-11-27,182.9,1,2013,399.7,399.7,1518.8,3,BH-01891,-1.40691126955063,0.00434776838148931,BW high saline|warm,BW-resident,GB
BH-01891,8,2012,GB,870,4348,f,2020-11-27,182.9,2,2014,218.5,618.2,1518.8,3,BH-01891,-0.801712274830201,0.00349807493540052,BW high saline|warm,BW-resident,GB
BH-01891,8,2012,GB,870,4348,f,2020-11-27,182.9,3,2015,141.3,759.5,1518.8,3,BH-01891,-0.619881906626163,0.00457766149870801,BW high saline|warm,BW-resident,GB
BH-01891,8,2012,GB,870,4348,f,2020-11-27,182.9,4,2016,135.1,894.6,1518.8,3,BH-01891,-0.932735788934695,0.00482024547803618,BW high saline|warm,BW-resident,GB
BH-01891,8,2012,GB,870,4348,f,2020-11-27,182.9,5,2017,117.1,1011.7,1518.8,3,BH-01891,-0.453282244309035,0.00531973298880276,BW high saline|warm,BW-resident,GB
BH-01891,8,2012,GB,870,4348,f,2020-11-27,182.9,6,2018,126,1137.7,1518.8,3,BH-01891,0.224781127493339,0.00539947674418604,BW high saline|warm,BW-resident,GB
BH-01891,8,2012,GB,870,4348,f,2020-11-27,182.9,7,2019,149.8,1287.5,1518.8,3,BH-01891,-0.0883661765501092,0.0051200826873385,BW high saline|warm,BW-resident,GB
BH-01891,8,2012,GB,870,4348,f,2020-11-27,182.9,8,2020,90.9,1378.4,1518.8,3,BH-01891,0.0317603137151305,0.0046662661498708,BW high saline|warm,BW-resident,GB
BH-01892,2,2018,GB,635,1772,m,2020-11-27,164.5,1,2019,552.7,552.7,1023.3,3,BH-01892,-0.0668373782561768,0.00364702719797597,BW int saline|cold,BW-resident,GB
BH-01892,2,2018,GB,635,1772,m,2020-11-27,164.5,2,2020,249.6,802.3,1023.3,3,BH-01892,0.967891774795115,0.004329770609319,BW int saline|cold,BW-resident,GB
BH-01893,3,2017,GB,650,,m,2020-11-10,225.2,1,2018,472.7,472.7,930.3,3,BH-01893,-0.891689504365763,0.00335574509803922,BW Low saline|shift,Trans-habitat,GB
BH-01893,3,2017,GB,650,,m,2020-11-10,225.2,2,2019,123,595.7,930.3,3,BH-01893,0.772358065522491,0.0035720522875817,BW Low saline|shift,Trans-habitat,GB
BH-01893,3,2017,GB,650,,m,2020-11-10,225.2,3,2020,226.2,821.9,930.3,3,BH-01893,0.359314469674855,0.00412522875816993,BW Low saline|shift,Trans-habitat,GB
BH-01897,2,2018,GB,600,,m,2020-11-13,190.1,1,2019,584.8,584.8,1018.3,3,BH-01897,-0.34840156428071,0.00295220666044196,BW Low saline|shift,Trans-habitat,GB
BH-01897,2,2018,GB,600,,m,2020-11-13,190.1,2,2020,237.5,822.3,1018.3,3,BH-01897,1.10804251006125,0.0039413316993464,BW Low saline|shift,Trans-habitat,GB
BH-01898,2,2018,GB,700,,f,2020-11-08,192.4,1,2019,626.7,626.7,1055.5,3,BH-01898,-1.02925509436761,0.00317335156695157,BW Low saline|shift,Trans-habitat,GB
BH-01898,2,2018,GB,700,,f,2020-11-08,192.4,2,2020,230.5,857.2,1055.5,3,BH-01898,0.454738206873912,0.0035345811965812,BW Low saline|shift,Trans-habitat,GB
BH-01899,2,2018,GB,760,,f,2020-11-10,218.4,1,2019,477.7,477.7,892.5,3,BH-01899,-0.2687571444443,0.00302534845049131,BW Low saline|shift,Trans-habitat,GB
BH-01899,2,2018,GB,760,,f,2020-11-10,218.4,2,2020,235.1,712.8,892.5,3,BH-01899,1.20177271081873,0.00361336507936508,BW Low saline|shift,Trans-habitat,GB
BH-01900,3,2017,GB,825,,f,2020-11-27,142.1,1,2018,519,519,1047.2,3,BH-01900,-0.15661594990143,0.00291810479375697,BW Low saline|shift,Trans-habitat,GB
BH-01900,3,2017,GB,825,,f,2020-11-27,142.1,2,2019,247.7,766.7,1047.2,3,BH-01900,0.675838265139988,0.00361059052059052,BW Low saline|shift,Trans-habitat,GB
BH-01900,3,2017,GB,825,,f,2020-11-27,142.1,3,2020,280.5,1047.2,1047.2,3,BH-01900,0.266756019359853,0.00451820512820513,BW Low saline|shift,Trans-habitat,GB
BH-01902,2,2018,GB,500,,m,2020-11-01,270.8,1,2019,668.9,668.9,1095.7,3,BH-01902,-1.2000652200994,0.00319475810738969,BW high saline|warm,BW-resident,GB
BH-01902,2,2018,GB,500,,m,2020-11-01,270.8,2,2020,240.6,909.5,1095.7,3,BH-01902,-0.593743725090816,0.00469473251028807,BW high saline|warm,BW-resident,GB
BH-01903,1,2020,GB,439,596,f,2020-11-27,185.4,1,2021,629,629,629,3,BH-01903,-0.796265772621758,0.00357203776899429,BW high saline|warm,BW-resident,GB
BH-01904,1,2020,GB,404,474,f,2020-11-27,180.2,1,2021,730,730,730,3,BH-01904,-0.353148798521707,0.00364955908289242,BW high saline|warm,BW-resident,GB
BH-01906,13,2006,SB,1230,13600,f,2019-11-05,169.9,1,2007,353.1,353.1,2261.2,3,BH-01906,0.115885996276762,0.00404288749564612,BW high saline|cold,BW-resident,WRB
BH-01906,13,2006,SB,1230,13600,f,2019-11-05,169.9,2,2008,282.7,635.8,2261.2,3,BH-01906,-0.616092495254984,0.00518177921455939,BW high saline|cold,BW-resident,WRB
BH-01906,13,2006,SB,1230,13600,f,2019-11-05,169.9,3,2009,143.8,779.6,2261.2,3,BH-01906,-0.809720613809899,0.00623681992337165,BW high saline|cold,BW-resident,WRB
BH-01906,13,2006,SB,1230,13600,f,2019-11-05,169.9,4,2010,161.9,941.5,2261.2,3,BH-01906,0.0528575495555281,0.00528375478927203,BW high saline|cold,BW-resident,WRB
BH-01906,13,2006,SB,1230,13600,f,2019-11-05,169.9,5,2011,152.8,1094.3,2261.2,3,BH-01906,0.63452507788657,0.00551492337164751,BW high saline|cold,BW-resident,WRB
BH-01906,13,2006,SB,1230,13600,f,2019-11-05,169.9,6,2012,146.6,1240.9,2261.2,3,BH-01906,0.133606425707876,0.00502014687100894,BW high saline|cold,BW-resident,WRB
BH-01906,13,2006,SB,1230,13600,f,2019-11-05,169.9,7,2013,132.7,1373.6,2261.2,3,BH-01906,-0.0915503099007373,0.00531509578544061,BW high saline|cold,BW-resident,WRB
BH-01906,13,2006,SB,1230,13600,f,2019-11-05,169.9,8,2014,117,1490.6,2261.2,3,BH-01906,0.652402103059128,0.0047516245210728,BW high saline|cold,BW-resident,WRB
BH-01906,13,2006,SB,1230,13600,f,2019-11-05,169.9,9,2015,106,1596.6,2261.2,3,BH-01906,-0.155189881277862,0.00527895114942529,BW high saline|cold,BW-resident,WRB
BH-01906,13,2006,SB,1230,13600,f,2019-11-05,169.9,10,2016,99.8,1696.4,2261.2,3,BH-01906,0.133925735343609,0.00539337643678161,BW high saline|cold,BW-resident,WRB
BH-01906,13,2006,SB,1230,13600,f,2019-11-05,169.9,11,2017,138.6,1835,2261.2,3,BH-01906,0.00137300031203469,0.0053217816091954,BW high saline|cold,BW-resident,WRB
BH-01906,13,2006,SB,1230,13600,f,2019-11-05,169.9,12,2018,96.5,1931.5,2261.2,3,BH-01906,-0.587188000646508,0.00534313218390805,BW high saline|cold,BW-resident,WRB
BH-01906,13,2006,SB,1230,13600,f,2019-11-05,169.9,13,2019,123.7,2055.2,2261.2,3,BH-01906,0.0669010812784398,0.0056185775862069,BW high saline|cold,BW-resident,WRB
BH-01922,12,2009,KB,1262,14600,f,2020-02-01,122.2,1,2010,349.2,349.2,1801.8,3,BH-01922,-0.0369691057389536,0.00429917328042328,BW high saline|cold,BW-resident,WRB
BH-01922,12,2009,KB,1262,14600,f,2020-02-01,122.2,2,2011,242.5,591.7,1801.8,3,BH-01922,-0.315735356797174,0.00481256944444445,BW high saline|cold,BW-resident,WRB
BH-01922,12,2009,KB,1262,14600,f,2020-02-01,122.2,3,2012,187.3,779,1801.8,3,BH-01922,-0.367537956791323,0.00538590277777778,BW high saline|cold,BW-resident,WRB
BH-01922,12,2009,KB,1262,14600,f,2020-02-01,122.2,4,2013,152.8,931.8,1801.8,3,BH-01922,-0.565051559087202,0.00563287698412699,BW high saline|cold,BW-resident,WRB
BH-01922,12,2009,KB,1262,14600,f,2020-02-01,122.2,5,2014,161.8,1093.6,1801.8,3,BH-01922,0.186700744665564,0.00542215277777778,BW high saline|cold,BW-resident,WRB
BH-01922,12,2009,KB,1262,14600,f,2020-02-01,122.2,6,2015,147,1240.6,1801.8,3,BH-01922,0.507808776339204,0.00552388392857143,BW high saline|cold,BW-resident,WRB
BH-01922,12,2009,KB,1262,14600,f,2020-02-01,122.2,7,2016,121.5,1362.1,1801.8,3,BH-01922,0.929779560451154,0.00531471428571429,BW high saline|cold,BW-resident,WRB
BH-01922,12,2009,KB,1262,14600,f,2020-02-01,122.2,8,2017,124.8,1486.9,1801.8,3,BH-01922,1.42720258656803,0.00466984126984127,BW high saline|cold,BW-resident,WRB
BH-01922,12,2009,KB,1262,14600,f,2020-02-01,122.2,9,2018,105.7,1592.6,1801.8,3,BH-01922,1.24496124271275,0.00527613095238095,BW high saline|cold,BW-resident,WRB
BH-01922,12,2009,KB,1262,14600,f,2020-02-01,122.2,10,2019,95.1,1687.7,1801.8,3,BH-01922,1.44506799135876,0.00565312830687831,BW high saline|cold,BW-resident,WRB
BH-01922,12,2009,KB,1262,14600,f,2020-02-01,122.2,11,2020,67.7,1755.4,1801.8,3,BH-01922,0.615227138141835,0.00631925264550265,BW high saline|cold,BW-resident,WRB
BH-51614,9,2013,Barthe,885,4624,f,2022-04-14,104.4,1,2014,328.8,328.8,1748.6,3,BH-51614,-0.118100114880516,0.00133481705948373,FW high saline|shift,Anadromous,Tributary
BH-51614,9,2013,Barthe,885,4624,f,2022-04-14,104.4,2,2015,198.4,527.2,1748.6,3,BH-51614,-0.687533125433129,0.001869088664422,FW high saline|shift,Anadromous,Tributary
BH-51614,9,2013,Barthe,885,4624,f,2022-04-14,104.4,3,2016,300.4,827.6,1748.6,3,BH-51614,0.217835513396847,0.00235960808080808,FW high saline|shift,Anadromous,Tributary
BH-51614,9,2013,Barthe,885,4624,f,2022-04-14,104.4,4,2017,217.1,1044.7,1748.6,3,BH-51614,0.116326093959693,0.00338647138047138,FW high saline|shift,Anadromous,Tributary
BH-51614,9,2013,Barthe,885,4624,f,2022-04-14,104.4,5,2018,150.2,1194.9,1748.6,3,BH-51614,0.232637631370586,0.00374711784511785,FW high saline|shift,Anadromous,Tributary
BH-51614,9,2013,Barthe,885,4624,f,2022-04-14,104.4,6,2019,153.3,1348.2,1748.6,3,BH-51614,-0.0439738480910369,0.00316951851851852,FW high saline|shift,Anadromous,Tributary
BH-51614,9,2013,Barthe,885,4624,f,2022-04-14,104.4,7,2020,140.1,1488.3,1748.6,3,BH-51614,0.81444643721274,0.00463013468013468,FW high saline|shift,Anadromous,Tributary
BH-51614,9,2013,Barthe,885,4624,f,2022-04-14,104.4,8,2021,123,1611.3,1748.6,3,BH-51614,-0.139295586253978,0.00490034343434343,FW high saline|shift,Anadromous,Tributary
BH-51614,9,2013,Barthe,885,4624,f,2022-04-14,104.4,9,2022,137.3,1748.6,1748.6,3,BH-51614,-0.389856042228892,0.0052316430976431,FW high saline|shift,Anadromous,Tributary
BH-90307,7,2013,SB,900,4500,f,2020-05-02,127,1,2014,383.3,383.3,1250.1,3,BH-90307,-0.253607956537917,0.00355275683665928,BW high saline|warm,BW-resident,WRB
BH-90307,7,2013,SB,900,4500,f,2020-05-02,127,2,2015,169.4,552.7,1250.1,3,BH-90307,-0.293018049611438,0.00409285327138986,BW high saline|warm,BW-resident,WRB
BH-90307,7,2013,SB,900,4500,f,2020-05-02,127,3,2016,197.7,750.4,1250.1,3,BH-90307,0.748959177300915,0.00374083333333334,BW high saline|warm,BW-resident,WRB
BH-90307,7,2013,SB,900,4500,f,2020-05-02,127,4,2017,150.4,900.8,1250.1,3,BH-90307,0.555515630295818,0.00451128048780488,BW high saline|warm,BW-resident,WRB
BH-90307,7,2013,SB,900,4500,f,2020-05-02,127,5,2018,114.6,1015.4,1250.1,3,BH-90307,0.229000045937433,0.00473332249322493,BW high saline|warm,BW-resident,WRB
BH-90307,7,2013,SB,900,4500,f,2020-05-02,127,6,2019,117.1,1132.5,1250.1,3,BH-90307,0.128216776632852,0.00471884823848239,BW high saline|warm,BW-resident,WRB
BH-90307,7,2013,SB,900,4500,f,2020-05-02,127,7,2020,117.6,1250.1,1250.1,3,BH-90307,-0.710575401936776,0.00505505420054201,BW high saline|warm,BW-resident,WRB
BH-90910,5,2016,NHG,604,,m,2021-04-07,218.4,1,2017,486.8,486.8,1120.6,3,BH-90910,-0.00980113410312484,0.00274515217391304,FW int saline|shift,Anadromous,Tributary
BH-90910,5,2016,NHG,604,,m,2021-04-07,218.4,2,2018,216.3,703.1,1120.6,3,BH-90910,1.30395795444961,0.00335796825396826,FW int saline|shift,Anadromous,Tributary
BH-90910,5,2016,NHG,604,,m,2021-04-07,218.4,3,2019,160.2,863.3,1120.6,3,BH-90910,1.46146254769772,0.00324854166666667,FW int saline|shift,Anadromous,Tributary
BH-90910,5,2016,NHG,604,,m,2021-04-07,218.4,4,2020,129.5,992.8,1120.6,3,BH-90910,2.01531248713779,0.00406606944444444,FW int saline|shift,Anadromous,Tributary
BH-90910,5,2016,NHG,604,,m,2021-04-07,218.4,5,2021,127.8,1120.6,1120.6,3,BH-90910,1.23323538303649,0.00460616666666667,FW int saline|shift,Anadromous,Tributary
BH-90928,3,2018,Sehrowbach,580,1470,m,2021-04-02,174.5,1,2019,376.2,376.2,893,3,BH-90928,-1.6136392083043,0.00226213675213675,FW high saline|shift,Anadromous,Tributary
BH-90928,3,2018,Sehrowbach,580,1470,m,2021-04-02,174.5,2,2020,265.7,641.9,893,3,BH-90928,-0.121094565462062,0.00349,FW high saline|shift,Anadromous,Tributary
BH-90928,3,2018,Sehrowbach,580,1470,m,2021-04-02,174.5,3,2021,251.1,893,893,3,BH-90928,0.557859464682485,0.00404422222222222,FW high saline|shift,Anadromous,Tributary
BH-90946,6,2015,Sehrowbach,694,2564,m,2021-04-02,151.1,1,2016,409.7,409.7,1215.6,3,BH-90946,-1.26026565440837,0.00222145185185185,FW high saline|shift,Anadromous,Tributary
BH-90946,6,2015,Sehrowbach,694,2564,m,2021-04-02,151.1,2,2017,210.1,619.8,1215.6,3,BH-90946,0.560019373821066,0.00333492361111111,FW high saline|shift,Anadromous,Tributary
BH-90946,6,2015,Sehrowbach,694,2564,m,2021-04-02,151.1,3,2018,205.9,825.7,1215.6,3,BH-90946,0.41043035078307,0.00406792592592593,FW high saline|shift,Anadromous,Tributary
BH-90946,6,2015,Sehrowbach,694,2564,m,2021-04-02,151.1,4,2019,148.9,974.6,1215.6,3,BH-90946,0.0940892405596617,0.005303625,FW high saline|shift,Anadromous,Tributary
BH-90946,6,2015,Sehrowbach,694,2564,m,2021-04-02,151.1,5,2020,123,1097.6,1215.6,3,BH-90946,-0.243931563027849,0.00578627777777778,FW high saline|shift,Anadromous,Tributary
BH-90946,6,2015,Sehrowbach,694,2564,m,2021-04-02,151.1,6,2021,118,1215.6,1215.6,3,BH-90946,-0.914824392978172,0.00634155555555556,FW high saline|shift,Anadromous,Tributary
BH-90970,6,2015,Sehrowbach,634,1688,m,2021-04-02,244.8,1,2016,337.4,337.4,1158.7,3,BH-90970,-0.929700524284896,0.00265492283950617,FW high saline|const,Trans-habitat,Tributary
BH-90970,6,2015,Sehrowbach,634,1688,m,2021-04-02,244.8,2,2017,239.5,576.9,1158.7,3,BH-90970,-0.0486312225172979,0.00381711706349207,FW high saline|const,Trans-habitat,Tributary
BH-90970,6,2015,Sehrowbach,634,1688,m,2021-04-02,244.8,3,2018,167,743.9,1158.7,3,BH-90970,-0.164995948278953,0.00509395238095238,FW high saline|const,Trans-habitat,Tributary
BH-90970,6,2015,Sehrowbach,634,1688,m,2021-04-02,244.8,4,2019,128.7,872.6,1158.7,3,BH-90970,0.311726890621369,0.00549150925925926,FW high saline|const,Trans-habitat,Tributary
BH-90970,6,2015,Sehrowbach,634,1688,m,2021-04-02,244.8,5,2020,136.9,1009.5,1158.7,3,BH-90970,-0.386735007271915,0.00581763888888889,FW high saline|const,Trans-habitat,Tributary
BH-90970,6,2015,Sehrowbach,634,1688,m,2021-04-02,244.8,6,2021,149.2,1158.7,1158.7,3,BH-90970,-0.210057051162517,0.00575856944444444,FW high saline|const,Trans-habitat,Tributary
BH-90981,6,2015,Sehrowbach,745,2798,m,2021-04-02,165.2,1,2016,419.1,419.1,1577.4,3,BH-90981,-0.888540772768053,0.00487369259259259,FW high saline|const,Trans-habitat,Tributary
BH-90981,6,2015,Sehrowbach,745,2798,m,2021-04-02,165.2,2,2017,271.9,691,1577.4,3,BH-90981,-0.293982759985861,0.00420147407407407,FW high saline|const,Trans-habitat,Tributary
BH-90981,6,2015,Sehrowbach,745,2798,m,2021-04-02,165.2,3,2018,189.8,880.8,1577.4,3,BH-90981,-0.135194415297048,0.0049085595959596,FW high saline|const,Trans-habitat,Tributary
BH-90981,6,2015,Sehrowbach,745,2798,m,2021-04-02,165.2,4,2019,219.6,1100.4,1577.4,3,BH-90981,0.0732695876054102,0.00394215111111111,FW high saline|const,Trans-habitat,Tributary
BH-90981,6,2015,Sehrowbach,745,2798,m,2021-04-02,165.2,5,2020,217.2,1317.6,1577.4,3,BH-90981,-0.277412313117679,0.00338593333333333,FW high saline|const,Trans-habitat,Tributary
BH-90981,6,2015,Sehrowbach,745,2798,m,2021-04-02,165.2,6,2021,259.8,1577.4,1577.4,3,BH-90981,-0.0100847672032358,0.00485283333333333,FW high saline|const,Trans-habitat,Tributary
BH-90997,4,2017,Badendycksgraben,675,2258,m,2021-03-23,187.4,1,2018,573.7,573.7,1297.8,3,BH-90997,-1.1468658462895,0.00392511303511304,FW high saline|const,Trans-habitat,Tributary
BH-90997,4,2017,Badendycksgraben,675,2258,m,2021-03-23,187.4,2,2019,467.8,1041.5,1297.8,3,BH-90997,-0.868264203261279,0.00345119865319865,FW high saline|const,Trans-habitat,Tributary
BH-90997,4,2017,Badendycksgraben,675,2258,m,2021-03-23,187.4,3,2020,184.6,1226.1,1297.8,3,BH-90997,-0.849034600804451,0.00544482828282828,FW high saline|const,Trans-habitat,Tributary
BH-90997,4,2017,Badendycksgraben,675,2258,m,2021-03-23,187.4,4,2021,71.7,1297.8,1297.8,3,BH-90997,-1.30513867172069,0.00622606060606061,FW high saline|const,Trans-habitat,Tributary
BH-91013,3,2018,Ziese,739,3234,f,2021-04-01,175.9,1,2019,440.1,440.1,945.1,3,BH-91013,-0.938078188036638,0.00178743806164441,FW int saline|const,FW_resident,Tributary
BH-91013,3,2018,Ziese,739,3234,f,2021-04-01,175.9,2,2020,215.7,655.8,945.1,3,BH-91013,1.34547347184912,0.00208011686725972,FW int saline|const,FW_resident,Tributary
BH-91013,3,2018,Ziese,739,3234,f,2021-04-01,175.9,3,2021,289.3,945.1,945.1,3,BH-91013,0.971288973734915,0.00265706727135299,FW int saline|const,FW_resident,Tributary
BH-91045,3,2018,Ziese,648,1564,m,2021-04-01,205.7,1,2019,573.5,573.5,1128,3,BH-91045,-1.0503527393342,0.0014684010942761,FW int saline|const,FW_resident,Tributary
BH-91045,3,2018,Ziese,648,1564,m,2021-04-01,205.7,2,2020,265.6,839.1,1128,3,BH-91045,-0.226037372679261,0.00173771600621601,FW int saline|const,FW_resident,Tributary
BH-91045,3,2018,Ziese,648,1564,m,2021-04-01,205.7,3,2021,288.9,1128,1128,3,BH-91045,0.669159480479078,0.0026788446969697,FW int saline|const,FW_resident,Tributary
BH-91050,5,2016,Ziese,732,2930,m,2021-04-01,186.8,1,2017,496.6,496.6,1153.7,3,BH-91050,-0.754824354798457,0.00171081264775414,FW int saline|const,FW_resident,Tributary
BH-91050,5,2016,Ziese,732,2930,m,2021-04-01,186.8,2,2018,218.6,715.2,1153.7,3,BH-91050,0.391459338235441,0.00200654373522459,FW int saline|const,FW_resident,Tributary
BH-91050,5,2016,Ziese,732,2930,m,2021-04-01,186.8,3,2019,175.7,890.9,1153.7,3,BH-91050,0.713468906502647,0.00252985342789598,FW int saline|const,FW_resident,Tributary
BH-91050,5,2016,Ziese,732,2930,m,2021-04-01,186.8,4,2020,129.5,1020.4,1153.7,3,BH-91050,0.696191205796844,0.00354107328605201,FW int saline|const,FW_resident,Tributary
BH-91050,5,2016,Ziese,732,2930,m,2021-04-01,186.8,5,2021,133.3,1153.7,1153.7,3,BH-91050,0.351622916104587,0.00395096335697399,FW int saline|const,FW_resident,Tributary
BH-91053,3,2018,Ziese,674,2734,f,2021-04-01,168.6,1,2019,427.6,427.6,1321.5,3,BH-91053,-0.401821496006857,0.0011200970970971,FW int saline|const,FW_resident,Tributary
BH-91053,3,2018,Ziese,674,2734,f,2021-04-01,168.6,2,2020,557.2,984.8,1321.5,3,BH-91053,0.64215314999838,0.00198456456456456,FW int saline|const,FW_resident,Tributary
BH-91053,3,2018,Ziese,674,2734,f,2021-04-01,168.6,3,2021,336.7,1321.5,1321.5,3,BH-91053,0.729191259619783,0.00247067567567568,FW int saline|const,FW_resident,Tributary
BH-91054,5,2016,Sehrowbach,636,1766,m,2021-04-02,201.6,1,2017,340.9,340.9,1088.7,3,BH-91054,0.361556721086684,0.0036169494949495,FW high saline|const,Trans-habitat,Tributary
BH-91054,5,2016,Sehrowbach,636,1766,m,2021-04-02,201.6,2,2018,231.4,572.3,1088.7,3,BH-91054,-0.263803034693483,0.00407246913580247,FW high saline|const,Trans-habitat,Tributary
BH-91054,5,2016,Sehrowbach,636,1766,m,2021-04-02,201.6,3,2019,175.9,748.2,1088.7,3,BH-91054,-0.239821050198537,0.00528025396825397,FW high saline|const,Trans-habitat,Tributary
BH-91054,5,2016,Sehrowbach,636,1766,m,2021-04-02,201.6,4,2020,166,914.2,1088.7,3,BH-91054,-0.314550855752111,0.00600544444444445,FW high saline|const,Trans-habitat,Tributary
BH-91054,5,2016,Sehrowbach,636,1766,m,2021-04-02,201.6,5,2021,174.5,1088.7,1088.7,3,BH-91054,-0.388922562694213,0.00596595555555555,FW high saline|const,Trans-habitat,Tributary
BH-91068,5,2016,Ziese,860,4994,f,2021-04-01,86.4,1,2017,510.3,510.3,1291.5,3,BH-91068,-1.30247424715525,0.00194659259259259,FW int saline|const,FW_resident,Tributary
BH-91068,5,2016,Ziese,860,4994,f,2021-04-01,86.4,2,2018,385.7,896,1291.5,3,BH-91068,0.0631529686864638,0.00251143915343915,FW int saline|const,FW_resident,Tributary
BH-91068,5,2016,Ziese,860,4994,f,2021-04-01,86.4,3,2019,189.5,1085.5,1291.5,3,BH-91068,0.0727304750877531,0.00214150168350168,FW int saline|const,FW_resident,Tributary
BH-91068,5,2016,Ziese,860,4994,f,2021-04-01,86.4,4,2020,111.8,1197.3,1291.5,3,BH-91068,-1.07129774156357,0.00203752777777778,FW int saline|const,FW_resident,Tributary
BH-91068,5,2016,Ziese,860,4994,f,2021-04-01,86.4,5,2021,94.2,1291.5,1291.5,3,BH-91068,0.847831500442017,0.00357341975308642,FW int saline|const,FW_resident,Tributary
BH-91117,3,2018,NHG,555,1230,f,2021-04-07,142.4,1,2019,526.6,526.6,894.3,3,BH-91117,-0.708105068493749,0.00158119658119658,FW int saline|shift,Anadromous,Tributary
BH-91117,3,2018,NHG,555,1230,f,2021-04-07,142.4,2,2020,215.9,742.5,894.3,3,BH-91117,1.1207580170726,0.0026560844017094,FW int saline|shift,Anadromous,Tributary
BH-91117,3,2018,NHG,555,1230,f,2021-04-07,142.4,3,2021,151.8,894.3,894.3,3,BH-91117,1.96629359842893,0.00422198717948718,FW int saline|shift,Anadromous,Tributary
BH-91328,11,2010,NHG,1061,8290,f,2021-04-14,371.5,1,2011,431.5,431.5,1732.6,3,BH-91328,1.29203267754619,0.00199497536945813,FW int saline|shift,Anadromous,Tributary
BH-91328,11,2010,NHG,1061,8290,f,2021-04-14,371.5,2,2012,214.8,646.3,1732.6,3,BH-91328,1.0995887609807,0.00227529161345253,FW int saline|shift,Anadromous,Tributary
BH-91328,11,2010,NHG,1061,8290,f,2021-04-14,371.5,3,2013,140.4,786.7,1732.6,3,BH-91328,2.11937582258169,0.00245344827586207,FW int saline|shift,Anadromous,Tributary
BH-91328,11,2010,NHG,1061,8290,f,2021-04-14,371.5,4,2014,135.2,921.9,1732.6,3,BH-91328,1.54097924114911,0.00272055555555556,FW int saline|shift,Anadromous,Tributary
BH-91328,11,2010,NHG,1061,8290,f,2021-04-14,371.5,5,2015,145.3,1067.2,1732.6,3,BH-91328,1.83647640216197,0.00332020434227331,FW int saline|shift,Anadromous,Tributary
BH-91328,11,2010,NHG,1061,8290,f,2021-04-14,371.5,6,2016,119.8,1187,1732.6,3,BH-91328,1.62106161757326,0.00358327586206897,FW int saline|shift,Anadromous,Tributary
BH-91328,11,2010,NHG,1061,8290,f,2021-04-14,371.5,7,2017,128,1315,1732.6,3,BH-91328,1.00265556889778,0.00412008939974457,FW int saline|shift,Anadromous,Tributary
BH-91328,11,2010,NHG,1061,8290,f,2021-04-14,371.5,8,2018,111.1,1426.1,1732.6,3,BH-91328,1.5144206964453,0.0038482503192848,FW int saline|shift,Anadromous,Tributary
BH-91328,11,2010,NHG,1061,8290,f,2021-04-14,371.5,9,2019,95,1521.1,1732.6,3,BH-91328,1.62306957952435,0.003797343550447,FW int saline|shift,Anadromous,Tributary
BH-91328,11,2010,NHG,1061,8290,f,2021-04-14,371.5,10,2020,97.1,1618.2,1732.6,3,BH-91328,1.95553284383329,0.00376647509578544,FW int saline|shift,Anadromous,Tributary
BH-91328,11,2010,NHG,1061,8290,f,2021-04-14,371.5,11,2021,79.8,1698,1732.6,3,BH-91328,0.885178281844947,0.00406353767560664,FW int saline|shift,Anadromous,Tributary
BH-91534,2,2020,Sehrowbach,423,562,f,2022-03-29,206.4,1,2021,411.2,411.2,698.2,3,BH-91534,-1.73788432636207,0.00336051587301587,FW high saline|shift,Anadromous,Tributary
BH-91534,2,2020,Sehrowbach,423,562,f,2022-03-29,206.4,2,2022,287,698.2,698.2,3,BH-91534,0.233166289578247,0.00347776984126984,FW high saline|shift,Anadromous,Tributary
BH-91549,2,2020,Sehrowbach,650,2070,f,2022-03-29,152.1,1,2021,713.5,713.5,1044.8,3,BH-91549,-0.770563085138575,0.0020849553123575,FW high saline|shift,Anadromous,Tributary
BH-91549,2,2020,Sehrowbach,650,2070,f,2022-03-29,152.1,2,2022,331.3,1044.8,1044.8,3,BH-91549,0.786459149989316,0.00347870801033592,FW high saline|shift,Anadromous,Tributary
BH-91570,3,2019,Sehrowbach,558,1246,m,2022-03-29,215.9,1,2020,448.2,448.2,1036,3,BH-91570,-0.684570759363132,0.00381516975308642,FW high saline|shift,Anadromous,Tributary
BH-91570,3,2019,Sehrowbach,558,1246,m,2022-03-29,215.9,2,2021,200.5,648.7,1036,3,BH-91570,0.729465115923488,0.00363192857142857,FW high saline|shift,Anadromous,Tributary
BH-91570,3,2019,Sehrowbach,558,1246,m,2022-03-29,215.9,3,2022,387.3,1036,1036,3,BH-91570,0.687531405904028,0.00375884814814815,FW high saline|shift,Anadromous,Tributary
BH-91571,9,2013,Barthe,896,4962,f,2022-03-28,195.2,1,2014,352.3,352.3,1760.3,3,BH-91571,-0.918462762066921,0.00175115303983229,FW int saline|const,FW_resident,Tributary
BH-91571,9,2013,Barthe,896,4962,f,2022-03-28,195.2,2,2015,158.6,510.9,1760.3,3,BH-91571,0.324294401218232,0.00174927672955975,FW int saline|const,FW_resident,Tributary
BH-91571,9,2013,Barthe,896,4962,f,2022-03-28,195.2,3,2016,135.1,646,1760.3,3,BH-91571,0.187487204123373,0.00190360796645702,FW int saline|const,FW_resident,Tributary
BH-91571,9,2013,Barthe,896,4962,f,2022-03-28,195.2,4,2017,221.4,867.4,1760.3,3,BH-91571,0.242113437618251,0.00202517295597484,FW int saline|const,FW_resident,Tributary
BH-91571,9,2013,Barthe,896,4962,f,2022-03-28,195.2,5,2018,251.2,1118.6,1760.3,3,BH-91571,0.414655668938224,0.0019768605870021,FW int saline|const,FW_resident,Tributary
BH-91571,9,2013,Barthe,896,4962,f,2022-03-28,195.2,6,2019,184.1,1302.7,1760.3,3,BH-91571,0.578013474151605,0.00213909853249475,FW int saline|const,FW_resident,Tributary
BH-91571,9,2013,Barthe,896,4962,f,2022-03-28,195.2,7,2020,162.8,1465.5,1760.3,3,BH-91571,0.860072564977874,0.00237854507337526,FW int saline|const,FW_resident,Tributary
BH-91571,9,2013,Barthe,896,4962,f,2022-03-28,195.2,8,2021,178.8,1644.3,1760.3,3,BH-91571,0.59195232358899,0.00235215932914046,FW int saline|const,FW_resident,Tributary
BH-91571,9,2013,Barthe,896,4962,f,2022-03-28,195.2,9,2022,116,1760.3,1760.3,3,BH-91571,-0.516298337450247,0.00235350803633823,FW int saline|const,FW_resident,Tributary
BH-91585,6,2016,Barthe,815,3230,f,2022-03-28,194.7,1,2017,427.9,427.9,1517.6,3,BH-91585,0.549003187590491,0.0018852380952381,FW int saline|const,FW_resident,Tributary
BH-91585,6,2016,Barthe,815,3230,f,2022-03-28,194.7,2,2018,349.8,777.7,1517.6,3,BH-91585,-0.377074288859398,0.00188136752136752,FW int saline|const,FW_resident,Tributary
BH-91585,6,2016,Barthe,815,3230,f,2022-03-28,194.7,3,2019,244.3,1022,1517.6,3,BH-91585,0.412330176791614,0.00210194444444444,FW int saline|const,FW_resident,Tributary
BH-91585,6,2016,Barthe,815,3230,f,2022-03-28,194.7,4,2020,166,1188,1517.6,3,BH-91585,1.08233474048165,0.00259622222222222,FW int saline|const,FW_resident,Tributary
BH-91585,6,2016,Barthe,815,3230,f,2022-03-28,194.7,5,2021,172.4,1360.4,1517.6,3,BH-91585,0.189473978975231,0.00282916666666667,FW int saline|const,FW_resident,Tributary
BH-91585,6,2016,Barthe,815,3230,f,2022-03-28,194.7,6,2022,157.2,1517.6,1517.6,3,BH-91585,-0.011568686224341,0.00290962962962963,FW int saline|const,FW_resident,Tributary
BH-91588,4,2018,Barthe,615,1372,m,2022-03-28,106.6,1,2019,512.9,512.9,1223,3,BH-91588,-0.654314410912737,0.00106190823211876,FW int saline|const,FW_resident,Tributary
BH-91588,4,2018,Barthe,615,1372,m,2022-03-28,106.6,2,2020,270.8,783.7,1223,3,BH-91588,0.931673999079181,0.00180310023310023,FW int saline|const,FW_resident,Tributary
BH-91588,4,2018,Barthe,615,1372,m,2022-03-28,106.6,3,2021,204.5,988.2,1223,3,BH-91588,0.201611872530543,0.00237189458689459,FW int saline|const,FW_resident,Tributary
BH-91588,4,2018,Barthe,615,1372,m,2022-03-28,106.6,4,2022,234.8,1223,1223,3,BH-91588,-0.62051560028713,0.00212544871794872,FW int saline|const,FW_resident,Tributary
BH-92990,6,2016,Barthe,802,3152,f,2022-04-14,195.8,1,2017,627.6,627.6,1606,3,BH-92990,-0.92695632742867,0.00190752717391304,FW int saline|const,FW_resident,Tributary
BH-92990,6,2016,Barthe,802,3152,f,2022-04-14,195.8,2,2018,241.7,869.3,1606,3,BH-92990,0.256863903334964,0.00212844393004115,FW int saline|const,FW_resident,Tributary
BH-92990,6,2016,Barthe,802,3152,f,2022-04-14,195.8,3,2019,205.7,1075,1606,3,BH-92990,0.125342425282469,0.00208502314814815,FW int saline|const,FW_resident,Tributary
BH-92990,6,2016,Barthe,802,3152,f,2022-04-14,195.8,4,2020,186.1,1261.1,1606,3,BH-92990,0.573144998646618,0.00222792824074074,FW int saline|const,FW_resident,Tributary
BH-92990,6,2016,Barthe,802,3152,f,2022-04-14,195.8,5,2021,184.5,1445.6,1606,3,BH-92990,0.733648941029245,0.00267383487654321,FW int saline|const,FW_resident,Tributary
BH-92990,6,2016,Barthe,802,3152,f,2022-04-14,195.8,6,2022,160.4,1606,1606,3,BH-92990,-0.0198748778227118,0.0024344537037037,FW int saline|const,FW_resident,Tributary
BH-92993,3,2019,Sehrowbach,680,2560,f,2022-04-13,133.4,1,2020,546,546,1101.1,3,BH-92993,-0.456363543365095,0.00338842592592593,FW high saline|const,Trans-habitat,Tributary
BH-92993,3,2019,Sehrowbach,680,2560,f,2022-04-13,133.4,2,2021,195.8,741.8,1101.1,3,BH-92993,1.12098008336679,0.00341714285714286,FW high saline|const,Trans-habitat,Tributary
BH-92993,3,2019,Sehrowbach,680,2560,f,2022-04-13,133.4,3,2022,359.3,1101.1,1101.1,3,BH-92993,0.830645021711203,0.00375666666666667,FW high saline|const,Trans-habitat,Tributary
BH-92996,2,2020,Sehrowbach,665,1966,f,2022-04-13,173.9,1,2021,901,901,1375,3,BH-92996,-0.900537939410992,0.00361902421652422,FW high saline|shift,Anadromous,Tributary
BH-92996,2,2020,Sehrowbach,665,1966,f,2022-04-13,173.9,2,2022,474,1375,1375,3,BH-92996,0.0256792155213774,0.00361121082621083,FW high saline|shift,Anadromous,Tributary
BH-93002,3,2019,Sehrowbach,686,2366,f,2022-04-11,172.8,1,2020,379.2,379.2,1153.5,3,BH-93002,-0.212778163885526,0.0036362962962963,FW high saline|const,Trans-habitat,Tributary
BH-93002,3,2019,Sehrowbach,686,2366,f,2022-04-11,172.8,2,2021,387.9,767.1,1153.5,3,BH-93002,1.04086587673904,0.00338592078189301,FW high saline|const,Trans-habitat,Tributary
BH-93002,3,2019,Sehrowbach,686,2366,f,2022-04-11,172.8,3,2022,386.4,1153.5,1153.5,3,BH-93002,0.20535457826407,0.00376962606837607,FW high saline|const,Trans-habitat,Tributary
BH-93003,10,2012,Barthe,877,4840,f,2022-04-14,131.8,1,2013,339.6,339.6,1716.3,3,BH-93003,-1.46697555515464,0.00192883888888889,FW int saline|const,FW_resident,Tributary
BH-93003,10,2012,Barthe,877,4840,f,2022-04-14,131.8,2,2014,268.8,608.4,1716.3,3,BH-93003,-0.883637338674845,0.00138709822222222,FW int saline|const,FW_resident,Tributary
BH-93003,10,2012,Barthe,877,4840,f,2022-04-14,131.8,3,2015,165.3,773.7,1716.3,3,BH-93003,-0.682455081785589,0.00205944126984127,FW int saline|const,FW_resident,Tributary
BH-93003,10,2012,Barthe,877,4840,f,2022-04-14,131.8,4,2016,172.2,945.9,1716.3,3,BH-93003,-0.835345054950441,0.00217152592592593,FW int saline|const,FW_resident,Tributary
BH-93003,10,2012,Barthe,877,4840,f,2022-04-14,131.8,5,2017,159.1,1105,1716.3,3,BH-93003,0.381185023382517,0.00266115555555556,FW int saline|const,FW_resident,Tributary
BH-93003,10,2012,Barthe,877,4840,f,2022-04-14,131.8,6,2018,170.9,1275.9,1716.3,3,BH-93003,-0.268873679202587,0.0026622,FW int saline|const,FW_resident,Tributary
BH-93003,10,2012,Barthe,877,4840,f,2022-04-14,131.8,7,2019,153.5,1429.4,1716.3,3,BH-93003,0.0632377181829578,0.00272203333333333,FW int saline|const,FW_resident,Tributary
BH-93003,10,2012,Barthe,877,4840,f,2022-04-14,131.8,8,2020,125.7,1555.1,1716.3,3,BH-93003,0.666835593848928,0.00272506666666667,FW int saline|const,FW_resident,Tributary
BH-93003,10,2012,Barthe,877,4840,f,2022-04-14,131.8,9,2021,79.9,1635,1716.3,3,BH-93003,0.111610139972736,0.00287731111111111,FW int saline|const,FW_resident,Tributary
BH-93003,10,2012,Barthe,877,4840,f,2022-04-14,131.8,10,2022,81.3,1716.3,1716.3,3,BH-93003,0.119274759984467,0.00318813333333333,FW int saline|const,FW_resident,Tributary
BH-93005,3,2019,Sehrowbach,765,3200,f,2022-04-13,143.9,1,2020,484.5,484.5,1050.4,3,BH-93005,0.388445000077215,0.00432512006512007,FW high saline|const,Trans-habitat,Tributary
BH-93005,3,2019,Sehrowbach,765,3200,f,2022-04-13,143.9,2,2021,250.8,735.3,1050.4,3,BH-93005,0.458905602744647,0.0039765170940171,FW high saline|const,Trans-habitat,Tributary
BH-93005,3,2019,Sehrowbach,765,3200,f,2022-04-13,143.9,3,2022,315.1,1050.4,1050.4,3,BH-93005,0.622709295670092,0.00434998778998779,FW high saline|const,Trans-habitat,Tributary
BH-93007,6,2016,Barthe,878,4354,f,2022-04-14,256.7,1,2017,418.5,418.5,1708.9,3,BH-93007,0.149989556587835,0.00182910699588477,FW int saline|const,FW_resident,Tributary
BH-93007,6,2016,Barthe,878,4354,f,2022-04-14,256.7,2,2018,287.1,705.6,1708.9,3,BH-93007,0.508009152116897,0.00227089885206844,FW int saline|const,FW_resident,Tributary
BH-93007,6,2016,Barthe,878,4354,f,2022-04-14,256.7,3,2019,392,1097.6,1708.9,3,BH-93007,0.552846827487618,0.00274549794238683,FW int saline|const,FW_resident,Tributary
BH-93007,6,2016,Barthe,878,4354,f,2022-04-14,256.7,4,2020,171,1268.6,1708.9,3,BH-93007,0.541461327497371,0.00276325690770135,FW int saline|const,FW_resident,Tributary
BH-93007,6,2016,Barthe,878,4354,f,2022-04-14,256.7,5,2021,215.2,1483.8,1708.9,3,BH-93007,-0.119937401077928,0.00256114197530864,FW int saline|const,FW_resident,Tributary
BH-93015,2,2020,Sehrowbach,652,1702,f,2022-04-13,220.7,1,2021,609.6,609.6,910.9,3,BH-93015,-0.561049475314097,0.00289530456349206,FW high saline|shift,Anadromous,Tributary
BH-93015,2,2020,Sehrowbach,652,1702,f,2022-04-13,220.7,2,2022,301.3,910.9,910.9,3,BH-93015,0.142871150622673,0.00413286574074074,FW high saline|shift,Anadromous,Tributary
BH-93047,4,2018,Barthe,702,2166,f,2022-04-12,371,1,2019,650,650,1445.5,3,BH-93047,-1.97878330562904,0.00157360576237341,FW low saline|shift,FW_resident,Tributary
BH-93047,4,2018,Barthe,702,2166,f,2022-04-12,371,2,2020,348.5,998.5,1445.5,3,BH-93047,-0.325234039944462,0.00168981029810298,FW low saline|shift,FW_resident,Tributary
BH-93047,4,2018,Barthe,702,2166,f,2022-04-12,371,3,2021,226.5,1225,1445.5,3,BH-93047,-0.209994519202501,0.00190960511033682,FW low saline|shift,FW_resident,Tributary
BH-93047,4,2018,Barthe,702,2166,f,2022-04-12,371,4,2022,220.5,1445.5,1445.5,3,BH-93047,-0.706460069117349,0.00213250225835592,FW low saline|shift,FW_resident,Tributary
BH-93048,4,2018,Barthe,730,2734,f,2022-04-12,123.6,1,2019,594.5,594.5,1322.6,3,BH-93048,-1.04199786319757,0.00137495951765719,FW int saline|const,FW_resident,Tributary
BH-93048,4,2018,Barthe,730,2734,f,2022-04-12,123.6,2,2020,245.6,840.1,1322.6,3,BH-93048,-0.306585501660629,0.00198527390180879,FW int saline|const,FW_resident,Tributary
BH-93048,4,2018,Barthe,730,2734,f,2022-04-12,123.6,3,2021,242.6,1082.7,1322.6,3,BH-93048,-0.164009242285497,0.00219802002583979,FW int saline|const,FW_resident,Tributary
BH-93048,4,2018,Barthe,730,2734,f,2022-04-12,123.6,4,2022,239.9,1322.6,1322.6,3,BH-93048,-1.43003992628206,0.0021477984496124,FW int saline|const,FW_resident,Tributary
BH-93066,2,2020,Barthe,520,842,m,2022-04-14,135.2,1,2021,471.8,471.8,738.9,3,BH-93066,-1.20865581914544,0.0019189898989899,FW low saline|shift,FW_resident,Tributary
BH-93066,2,2020,Barthe,520,842,m,2022-04-14,135.2,2,2022,267.1,738.9,738.9,3,BH-93066,-0.912290675918403,0.00173091224747475,FW low saline|shift,FW_resident,Tributary
BH-93071,8,2014,Barthe,854,,f,2022-04-12,158.2,1,2015,362.7,362.7,1701.8,3,BH-93071,-1.24253538281356,0.00126621560283688,FW int saline|const,FW_resident,Tributary
BH-93071,8,2014,Barthe,854,,f,2022-04-12,158.2,2,2016,311.1,673.8,1701.8,3,BH-93071,-0.712622764342335,0.00183070396637773,FW int saline|const,FW_resident,Tributary
BH-93071,8,2014,Barthe,854,,f,2022-04-12,158.2,3,2017,259.6,933.4,1701.8,3,BH-93071,-0.640094586709405,0.00210983747044917,FW int saline|const,FW_resident,Tributary
BH-93071,8,2014,Barthe,854,,f,2022-04-12,158.2,4,2018,146.1,1079.5,1701.8,3,BH-93071,-0.0855216423963157,0.00218795114263199,FW int saline|const,FW_resident,Tributary
BH-93071,8,2014,Barthe,854,,f,2022-04-12,158.2,5,2019,165.2,1244.7,1701.8,3,BH-93071,0.118234578404228,0.00213882387706856,FW int saline|const,FW_resident,Tributary
BH-93071,8,2014,Barthe,854,,f,2022-04-12,158.2,6,2020,128.8,1373.5,1701.8,3,BH-93071,0.555419644413872,0.00253134160756501,FW int saline|const,FW_resident,Tributary
BH-93071,8,2014,Barthe,854,,f,2022-04-12,158.2,7,2021,145.8,1519.3,1701.8,3,BH-93071,0.19438428973675,0.00274689519306541,FW int saline|const,FW_resident,Tributary
BH-93071,8,2014,Barthe,854,,f,2022-04-12,158.2,8,2022,182.5,1701.8,1701.8,3,BH-93071,-1.43808267577683,0.00249179669030733,FW int saline|const,FW_resident,Tributary
BH-93097,3,2019,Barthe,636,1756,m,2022-04-14,149.3,1,2020,572.2,572.2,1255.6,3,BH-93097,-0.351890023874868,0.00190192552767822,FW int saline|const,FW_resident,Tributary
BH-93097,3,2019,Barthe,636,1756,m,2022-04-14,149.3,2,2021,462.7,1034.9,1255.6,3,BH-93097,0.846737547039865,0.00297387608806964,FW int saline|const,FW_resident,Tributary
BH-93097,3,2019,Barthe,636,1756,m,2022-04-14,149.3,3,2022,220.7,1255.6,1255.6,3,BH-93097,0.612810867298693,0.00317111623143881,FW int saline|const,FW_resident,Tributary
BH-93109,9,2013,Barthe,732,2256,m,2022-04-12,233,1,2014,447.2,447.2,1774.8,3,BH-93109,-1.03306080294419,0.00125856862745098,FW int saline|const,FW_resident,Tributary
BH-93109,9,2013,Barthe,732,2256,m,2022-04-12,233,2,2015,226.1,673.3,1774.8,3,BH-93109,0.0322493250817425,0.00213269063180828,FW int saline|const,FW_resident,Tributary
BH-93109,9,2013,Barthe,732,2256,m,2022-04-12,233,3,2016,212.7,886,1774.8,3,BH-93109,0.254898621538866,0.00247007625272331,FW int saline|const,FW_resident,Tributary
BH-93109,9,2013,Barthe,732,2256,m,2022-04-12,233,4,2017,179,1065,1774.8,3,BH-93109,0.523522638018326,0.00245958605664488,FW int saline|const,FW_resident,Tributary
BH-93109,9,2013,Barthe,732,2256,m,2022-04-12,233,5,2018,146.6,1211.6,1774.8,3,BH-93109,-0.201276567981225,0.00220544662309368,FW int saline|const,FW_resident,Tributary
BH-93109,9,2013,Barthe,732,2256,m,2022-04-12,233,6,2019,152.6,1364.2,1774.8,3,BH-93109,0.363581972330135,0.0022534422657952,FW int saline|const,FW_resident,Tributary
BH-93109,9,2013,Barthe,732,2256,m,2022-04-12,233,7,2020,125.8,1490,1774.8,3,BH-93109,0.49872832297918,0.00253681917211329,FW int saline|const,FW_resident,Tributary
BH-93109,9,2013,Barthe,732,2256,m,2022-04-12,233,8,2021,121.2,1611.2,1774.8,3,BH-93109,-0.47855527612268,0.00269188453159041,FW int saline|const,FW_resident,Tributary
BH-93109,9,2013,Barthe,732,2256,m,2022-04-12,233,9,2022,163.6,1774.8,1774.8,3,BH-93109,-1.09347233380958,0.00229257080610022,FW int saline|const,FW_resident,Tributary
BH-93114,4,2018,Barthe,618,1740,m,2022-04-14,132.8,1,2019,471.8,471.8,1180.8,3,BH-93114,-0.738198675602795,0.00132305355355355,FW int saline|const,FW_resident,Tributary
BH-93114,4,2018,Barthe,618,1740,m,2022-04-14,132.8,2,2020,291.4,763.2,1180.8,3,BH-93114,0.260140328341036,0.00187743743743744,FW int saline|const,FW_resident,Tributary
BH-93114,4,2018,Barthe,618,1740,m,2022-04-14,132.8,3,2021,232.8,996,1180.8,3,BH-93114,0.087464067254722,0.00245340197340197,FW int saline|const,FW_resident,Tributary
BH-93114,4,2018,Barthe,618,1740,m,2022-04-14,132.8,4,2022,184.8,1180.8,1180.8,3,BH-93114,-1.27812678326946,0.0024840015015015,FW int saline|const,FW_resident,Tributary
BH-93116,2,2020,Barthe,563,1030,f,2022-04-14,130.2,1,2021,597.5,597.5,889.6,3,BH-93116,-0.133346277987725,0.00222773998488284,FW int saline|const,FW_resident,Tributary
BH-93116,2,2020,Barthe,563,1030,f,2022-04-14,130.2,2,2022,292.1,889.6,889.6,3,BH-93116,0.940722080782739,0.0031381498015873,FW int saline|const,FW_resident,Tributary
BH-93132,9,2013,Barthe,862,4632,f,2022-04-14,166.6,1,2014,407.5,407.5,1889.3,3,BH-93132,-1.20235278881368,0.00158189251000572,FW int saline|const,FW_resident,Tributary
BH-93132,9,2013,Barthe,862,4632,f,2022-04-14,166.6,2,2015,182.2,589.7,1889.3,3,BH-93132,-0.686844596870625,0.00146681574656417,FW int saline|const,FW_resident,Tributary
BH-93132,9,2013,Barthe,862,4632,f,2022-04-14,166.6,3,2016,232.8,822.5,1889.3,3,BH-93132,-0.817591967982648,0.00213923689727463,FW int saline|const,FW_resident,Tributary
BH-93132,9,2013,Barthe,862,4632,f,2022-04-14,166.6,4,2017,221.1,1043.6,1889.3,3,BH-93132,-0.512792929753228,0.00228944444444445,FW int saline|const,FW_resident,Tributary
BH-93132,9,2013,Barthe,862,4632,f,2022-04-14,166.6,5,2018,209.6,1253.2,1889.3,3,BH-93132,-0.524517804154857,0.00266121593291405,FW int saline|const,FW_resident,Tributary
BH-93132,9,2013,Barthe,862,4632,f,2022-04-14,166.6,6,2019,183.3,1436.5,1889.3,3,BH-93132,-0.222327043518248,0.00236560587002097,FW int saline|const,FW_resident,Tributary
BH-93132,9,2013,Barthe,862,4632,f,2022-04-14,166.6,7,2020,157.7,1594.2,1889.3,3,BH-93132,1.15755207693682,0.00245062893081761,FW int saline|const,FW_resident,Tributary
BH-93132,9,2013,Barthe,862,4632,f,2022-04-14,166.6,8,2021,144.8,1739,1889.3,3,BH-93132,1.06431698832984,0.00252397624039134,FW int saline|const,FW_resident,Tributary
BH-93132,9,2013,Barthe,862,4632,f,2022-04-14,166.6,9,2022,150.3,1889.3,1889.3,3,BH-93132,-0.643752475042503,0.00275863731656185,FW int saline|const,FW_resident,Tributary
BH-93143,3,2019,Sehrowbach,675,2232,f,2022-04-13,154.6,1,2020,374,374,1098,3,BH-93143,0.155444728102953,0.00312352720450281,FW high saline|const,Trans-habitat,Tributary
BH-93143,3,2019,Sehrowbach,675,2232,f,2022-04-13,154.6,2,2021,309.3,683.3,1098,3,BH-93143,0.422419711186244,0.00335079437669377,FW high saline|const,Trans-habitat,Tributary
BH-93143,3,2019,Sehrowbach,675,2232,f,2022-04-13,154.6,3,2022,414.7,1098,1098,3,BH-93143,-0.126143576433491,0.00432477642276423,FW high saline|const,Trans-habitat,Tributary
BH-93152,2,2020,Sehrowbach,632,1540,f,2022-04-13,315.8,1,2021,692.7,692.7,1077.3,3,BH-93152,0.422997427206325,0.00322750264550265,FW high saline|const,Trans-habitat,Tributary
BH-93152,2,2020,Sehrowbach,632,1540,f,2022-04-13,315.8,2,2022,384.6,1077.3,1077.3,3,BH-93152,0.0632770711769075,0.00368816035816036,FW high saline|const,Trans-habitat,Tributary
BH-93170,9,2013,Sehrowbach,733,2730,m,2022-04-13,112.5,1,2014,444.1,444.1,1595.9,3,BH-93170,0.610679787644473,0.00337114316239316,FW high saline|const,Trans-habitat,Tributary
BH-93170,9,2013,Sehrowbach,733,2730,m,2022-04-13,112.5,2,2015,123.7,567.8,1595.9,3,BH-93170,0.634578873417493,0.00442538461538462,FW high saline|const,Trans-habitat,Tributary
BH-93170,9,2013,Sehrowbach,733,2730,m,2022-04-13,112.5,3,2016,171.3,739.1,1595.9,3,BH-93170,0.527147995893992,0.00458960113960114,FW high saline|const,Trans-habitat,Tributary
BH-93170,9,2013,Sehrowbach,733,2730,m,2022-04-13,112.5,4,2017,241.5,980.6,1595.9,3,BH-93170,-0.0887102490323077,0.00453377492877493,FW high saline|const,Trans-habitat,Tributary
BH-93170,9,2013,Sehrowbach,733,2730,m,2022-04-13,112.5,5,2018,160.4,1141,1595.9,3,BH-93170,-0.692104547290825,0.00530839743589744,FW high saline|const,Trans-habitat,Tributary
BH-93170,9,2013,Sehrowbach,733,2730,m,2022-04-13,112.5,6,2019,157.8,1298.8,1595.9,3,BH-93170,-1.66536913979442,0.00561989316239316,FW high saline|const,Trans-habitat,Tributary
BH-93170,9,2013,Sehrowbach,733,2730,m,2022-04-13,112.5,7,2020,113.1,1411.9,1595.9,3,BH-93170,0.0111924238590949,0.00521290598290598,FW high saline|const,Trans-habitat,Tributary
BH-93170,9,2013,Sehrowbach,733,2730,m,2022-04-13,112.5,8,2021,102.4,1514.3,1595.9,3,BH-93170,-0.274996691616678,0.00520766381766382,FW high saline|const,Trans-habitat,Tributary
BH-93170,9,2013,Sehrowbach,733,2730,m,2022-04-13,112.5,9,2022,81.6,1595.9,1595.9,3,BH-93170,0.291766912525701,0.00433935897435898,FW high saline|const,Trans-habitat,Tributary
BH-93172,3,2019,Sehrowbach,745,44,f,2022-04-13,239.7,1,2020,709.7,709.7,1409.6,3,BH-93172,-0.0391473060497754,0.00430141931529638,FW high saline|const,Trans-habitat,Tributary
BH-93172,3,2019,Sehrowbach,745,44,f,2022-04-13,239.7,2,2021,343.5,1053.2,1409.6,3,BH-93172,0.992153107508539,0.0044096719858156,FW high saline|const,Trans-habitat,Tributary
BH-93172,3,2019,Sehrowbach,745,44,f,2022-04-13,239.7,3,2022,356.4,1409.6,1409.6,3,BH-93172,0.907512708578553,0.00480093144208038,FW high saline|const,Trans-habitat,Tributary
BH-93178,2,2020,Barthe,604,1490,f,2022-04-14,175.7,1,2021,693,693,1078.6,3,BH-93178,-0.291813874818945,0.00270296644606989,FW high saline|shift,Anadromous,Tributary
BH-93178,2,2020,Barthe,604,1490,f,2022-04-14,175.7,2,2022,385.6,1078.6,1078.6,3,BH-93178,0.563614125996169,0.00314453872053872,FW high saline|shift,Anadromous,Tributary
