ID,waterbody,TL_mm,clust,ecotype,sex,lifeyear,inc_um,res_mean,Sr_mean
BH-00355,Tributary,552,FW low saline|shift,FW_resident,m,1,495.6,-1.21319198890855,-1.76037876384279
BH-00355,Tributary,552,FW low saline|shift,FW_resident,m,2,237.5,0.294154772208925,-2.00985858898706
BH-00356,Tributary,815,FW low saline|cold,FW_resident,f,1,460.5,-0.18856292895534,-1.8594396536829
BH-00356,Tributary,815,FW low saline|cold,FW_resident,f,2,228.8,-0.0741780593682741,-2.03585071355179
BH-00356,Tributary,815,FW low saline|cold,FW_resident,f,3,238,0.410292647396989,-2.05239891924634
BH-00356,Tributary,815,FW low saline|cold,FW_resident,f,4,233.8,1.37146594562322,-1.9260067967808
BH-00356,Tributary,815,FW low saline|cold,FW_resident,f,5,135.4,0.962842820047159,-1.73244626192807
BH-00356,Tributary,815,FW low saline|cold,FW_resident,f,6,123.6,1.21105114956631,-1.84645932154258
BH-00356,Tributary,815,FW low saline|cold,FW_resident,f,7,127.4,0.335894444940592,-1.79303512377421
BH-00385,Tributary,765,FW int saline|const,FW_resident,f,1,432.7,-0.612365923376872,-1.4820449215416
BH-00385,Tributary,765,FW int saline|const,FW_resident,f,2,239.5,-0.568688599369895,-1.17923132391436
BH-00385,Tributary,765,FW int saline|const,FW_resident,f,3,273.8,-0.0743800706487717,-1.02351165370978
BH-00385,Tributary,765,FW int saline|const,FW_resident,f,4,184.6,-1.30981621706623,-0.981686005494799
BH-00385,Tributary,765,FW int saline|const,FW_resident,f,5,131.5,-0.19007020204139,-1.16641819402437
BH-00391,Tributary,903,FW int saline|const,FW_resident,f,1,458.7,-0.253917154677658,-1.61298904228635
BH-00391,Tributary,903,FW int saline|const,FW_resident,f,2,207.6,-0.346989776379136,-1.66914382819361
BH-00391,Tributary,903,FW int saline|const,FW_resident,f,3,183.9,-0.582403133561768,-1.13156348717856
BH-00391,Tributary,903,FW int saline|const,FW_resident,f,4,196.5,-1.12235712761348,-1.14327457854088
BH-00391,Tributary,903,FW int saline|const,FW_resident,f,5,156.1,-0.451443225117017,-1.19521682754351
BH-00391,Tributary,903,FW int saline|const,FW_resident,f,6,113.8,-0.235880463375685,-1.19581179126004
BH-00391,Tributary,903,FW int saline|const,FW_resident,f,7,92,-0.150620084052033,-1.1250694387694
BH-00391,Tributary,903,FW int saline|const,FW_resident,f,8,105.7,0.511180041885196,-1.14078202221446
BH-00391,Tributary,903,FW int saline|const,FW_resident,f,9,80.7,1.4921443967994,-0.98111641209488
BH-00392,Tributary,930,FW int saline|const,FW_resident,f,1,565,0.756180284800835,-1.52158961835711
BH-00392,Tributary,930,FW int saline|const,FW_resident,f,2,189.1,-0.382973069099182,-1.29054453256439
BH-00392,Tributary,930,FW int saline|const,FW_resident,f,3,229.4,-0.870637784712156,-1.22431755285484
BH-00392,Tributary,930,FW int saline|const,FW_resident,f,4,215.7,-0.297123211129752,-1.0886774914418
BH-00392,Tributary,930,FW int saline|const,FW_resident,f,5,140.3,0.321190380033488,-0.97105452571243
BH-00392,Tributary,930,FW int saline|const,FW_resident,f,6,132.3,0.742642311679735,-0.509888621835207
BH-00392,Tributary,930,FW int saline|const,FW_resident,f,7,110,0.55913211498833,-0.682557883380071
BH-00398,Tributary,761,FW int saline|const,FW_resident,f,1,431,-0.620227961298078,-1.7135741047534
BH-00398,Tributary,761,FW int saline|const,FW_resident,f,2,300.5,-0.581252428414346,-1.57358511663762
BH-00398,Tributary,761,FW int saline|const,FW_resident,f,3,252.5,-0.0355645919499794,-1.38133964363217
BH-00398,Tributary,761,FW int saline|const,FW_resident,f,4,103.8,0.454478898625664,-1.3499248927735
BH-00398,Tributary,761,FW int saline|const,FW_resident,f,5,131.6,-0.0361267418832874,-1.23697803076389
BH-00398,Tributary,761,FW int saline|const,FW_resident,f,6,132.4,0.798709108035286,-1.0432735937021
BH-00405,Tributary,466,FW low saline|shift,FW_resident,f,1,367.2,-1.43876052325374,-1.30502846408613
BH-00405,Tributary,466,FW low saline|shift,FW_resident,f,2,295.9,0.223236358424942,-1.74001900591732
BH-00411,Tributary,677,FW int saline|const,FW_resident,f,1,397.9,-0.652766990640004,-1.47399013923571
BH-00411,Tributary,677,FW int saline|const,FW_resident,f,2,388.7,0.114083160996015,-1.12542873398764
BH-00411,Tributary,677,FW int saline|const,FW_resident,f,3,214.7,0.57100594019351,-0.989662696460881
BH-00418,Tributary,758,FW low saline|cold,FW_resident,f,1,386.8,0.480394410567758,-2.11041471107892
BH-00418,Tributary,758,FW low saline|cold,FW_resident,f,2,261.4,0.783345959970606,-2.05357259448689
BH-00418,Tributary,758,FW low saline|cold,FW_resident,f,3,300.8,1.40372520406281,-1.97899109915845
BH-00418,Tributary,758,FW low saline|cold,FW_resident,f,4,234.6,1.16051612303135,-1.7997902567711
BH-00418,Tributary,758,FW low saline|cold,FW_resident,f,5,195.1,2.05768918313935,-1.84962130066676
BH-00418,Tributary,758,FW low saline|cold,FW_resident,f,6,174.3,1.62971897061212,-1.89526865735382
BH-00419,Tributary,958,FW low saline|cold,FW_resident,f,1,384.7,0.862574999570918,-1.99851702315073
BH-00419,Tributary,958,FW low saline|cold,FW_resident,f,2,195.8,1.32352963973149,-1.94601263623905
BH-00419,Tributary,958,FW low saline|cold,FW_resident,f,3,209.6,0.727230820986238,-1.88209856582547
BH-00419,Tributary,958,FW low saline|cold,FW_resident,f,4,190.7,0.639529059796771,-1.91827349398043
BH-00419,Tributary,958,FW low saline|cold,FW_resident,f,5,155.8,0.914527222563969,-1.77605380141448
BH-00419,Tributary,958,FW low saline|cold,FW_resident,f,6,150.9,0.854006958363954,-1.86029001849062
BH-00419,Tributary,958,FW low saline|cold,FW_resident,f,7,162.6,1.1042143547129,-1.81342998270069
BH-00419,Tributary,958,FW low saline|cold,FW_resident,f,8,124.7,1.96997313143942,-1.81703985051823
BH-00419,Tributary,958,FW low saline|cold,FW_resident,f,9,112.8,1.71122586784992,-1.76155156082412
BH-00419,Tributary,958,FW low saline|cold,FW_resident,f,10,128.5,1.90662563783794,-1.83160149026395
BH-00424,Tributary,425,FW low saline|cold,FW_resident,m,1,394.1,1.34630532142672,-1.94665740143235
BH-00424,Tributary,425,FW low saline|cold,FW_resident,m,2,266.7,1.35485978175457,-2.01422651040413
BH-00670,WRB,680,BW int saline|cold,BW-resident,f,1,512.9,-0.0841785905263471,0.292457995629957
BH-00670,WRB,680,BW int saline|cold,BW-resident,f,2,260.9,0.777042864318751,0.49278139090078
BH-00670,WRB,680,BW int saline|cold,BW-resident,f,3,229.3,0.349275793026679,0.778619758784707
BH-00670,WRB,680,BW int saline|cold,BW-resident,f,4,217,1.40138761304734,0.800111391074532
BH-00681,NRB,630,BW Low saline|shift,Trans-habitat,m,1,584.7,-0.986214566730512,-0.0900798149981431
BH-00681,NRB,630,BW Low saline|shift,Trans-habitat,m,2,272.2,0.632079067586388,-0.0730925534641204
BH-00685,NRB,720,BW Low saline|shift,Trans-habitat,m,1,563.4,0.323574013039891,-0.675601849255917
BH-00685,NRB,720,BW Low saline|shift,Trans-habitat,m,2,211.5,0.380698617098677,-0.328496426343675
BH-00685,NRB,720,BW Low saline|shift,Trans-habitat,m,3,270.5,0.36440789515878,0.282298900461005
BH-00689,NRB,600,BW high saline|warm,BW-resident,m,1,561,-1.62878887847915,0.495736404947938
BH-00689,NRB,600,BW high saline|warm,BW-resident,m,2,316.1,-0.0211200121307695,0.184528011102796
BH-00696,NRB,790,BW int saline|cold,BW-resident,f,1,499.4,-0.217453798456344,-0.0143007616028923
BH-00696,NRB,790,BW int saline|cold,BW-resident,f,2,203.5,0.300407396063115,0.759905250141102
BH-00696,NRB,790,BW int saline|cold,BW-resident,f,3,184.2,-0.830025449349447,1.34915683882849
BH-00696,NRB,790,BW int saline|cold,BW-resident,f,4,155.1,-0.24584179003584,1.49806059136401
BH-00729,WRB,770,BW high saline|cold,BW-resident,f,1,461,-0.45790954433332,0.257605620268267
BH-00729,WRB,770,BW high saline|cold,BW-resident,f,2,347.4,-0.108212782766948,0.974296405328819
BH-00729,WRB,770,BW high saline|cold,BW-resident,f,3,221.9,0.0207574974423489,1.03516752974448
BH-00729,WRB,770,BW high saline|cold,BW-resident,f,4,205.3,0.45059662588048,0.938623458271112
BH-00730,WRB,758,BW high saline|warm,BW-resident,m,1,491.2,-1.08365139816605,0.214019372258298
BH-00730,WRB,758,BW high saline|warm,BW-resident,m,2,393.6,-2.20682264714256,1.23776628980289
BH-00730,WRB,758,BW high saline|warm,BW-resident,m,3,146.7,-2.22292579109,1.74879002301609
BH-00730,WRB,758,BW high saline|warm,BW-resident,m,4,147.6,-2.50938902884712,2.03014113985632
BH-00730,WRB,758,BW high saline|warm,BW-resident,m,5,123.8,-1.11321440557287,1.79086830485285
BH-00730,WRB,758,BW high saline|warm,BW-resident,m,6,132.9,-2.48667177694839,2.15283731228139
BH-00730,WRB,758,BW high saline|warm,BW-resident,m,7,87.6,-2.04706191961071,1.55657754906147
BH-00732,WRB,617,BW Low saline|shift,Trans-habitat,f,1,510,-0.509826588256173,-0.256878139749017
BH-00742,GB,550,BW Low saline|shift,Trans-habitat,m,1,607.4,-0.707709045262903,-1.28323743188684
BH-00750,GB,560,BW Low saline|shift,Trans-habitat,f,1,696.7,-1.46406614372694,-1.85133530165713
BH-01555,NRB,760,BW high saline|warm,BW-resident,f,1,424,1.25831137615403,-0.204469414292179
BH-01555,NRB,760,BW high saline|warm,BW-resident,f,2,458,-0.161258209168224,0.273662552143052
BH-01555,NRB,760,BW high saline|warm,BW-resident,f,3,250.7,-0.367911252297601,1.07262036989056
BH-01555,NRB,760,BW high saline|warm,BW-resident,f,4,205.9,-0.744087055222665,1.50173286741267
BH-01555,NRB,760,BW high saline|warm,BW-resident,f,5,131.1,-1.05719474983259,1.41093340475841
BH-01556,NRB,1110,BW int saline|cold,BW-resident,f,1,378.8,0.80148472010167,0.248384736055213
BH-01556,NRB,1110,BW int saline|cold,BW-resident,f,2,224.6,1.14115332981489,0.0285130753399725
BH-01556,NRB,1110,BW int saline|cold,BW-resident,f,3,191,0.849601337332559,0.316606877655931
BH-01556,NRB,1110,BW int saline|cold,BW-resident,f,4,162.5,1.18810381019261,0.555546299147386
BH-01556,NRB,1110,BW int saline|cold,BW-resident,f,5,144.4,1.51911510029173,0.256330952849283
BH-01556,NRB,1110,BW int saline|cold,BW-resident,f,6,132.6,0.987404108524545,0.597267886728142
BH-01556,NRB,1110,BW int saline|cold,BW-resident,f,7,103.8,1.10666006014937,0.935708792270104
BH-01556,NRB,1110,BW int saline|cold,BW-resident,f,8,144.4,0.992759790593405,1.16734180169943
BH-01556,NRB,1110,BW int saline|cold,BW-resident,f,9,114.3,0.509050352857813,1.17682039032058
BH-01556,NRB,1110,BW int saline|cold,BW-resident,f,10,109.3,-0.30144421236129,1.22634601586608
BH-01560,NRB,820,BW int saline|cold,BW-resident,f,1,521.2,-0.785744021735087,0.13444916698015
BH-01560,NRB,820,BW int saline|cold,BW-resident,f,2,203,1.05855887045233,-0.170902211366064
BH-01560,NRB,820,BW int saline|cold,BW-resident,f,3,173.6,1.64537034373847,-0.019661851327017
BH-01560,NRB,820,BW int saline|cold,BW-resident,f,4,167.2,1.39378275837174,0.40497891890044
BH-01560,NRB,820,BW int saline|cold,BW-resident,f,5,160.7,-0.180725578266482,1.01976017686814
BH-01560,NRB,820,BW int saline|cold,BW-resident,f,6,113,0.846171429089561,1.03811072443869
BH-01567,NRB,460,BW Low saline|shift,Trans-habitat,m,1,476.7,-0.955219403504377,0.127764806103004
BH-01567,NRB,460,BW Low saline|shift,Trans-habitat,m,2,269.1,1.87605606656021,-0.00610623861323571
BH-01569,NRB,550,BW Low saline|shift,Trans-habitat,m,1,552.4,-0.0591272992938081,-0.264148105708634
BH-01569,NRB,550,BW Low saline|shift,Trans-habitat,m,2,263.4,0.353989355543644,0.0291884247792269
BH-01570,NRB,980,BW high saline|cold,BW-resident,f,1,423.1,2.31104067102959,-0.696226273307109
BH-01570,NRB,980,BW high saline|cold,BW-resident,f,2,188.3,1.83874800106471,0.251710140896469
BH-01570,NRB,980,BW high saline|cold,BW-resident,f,3,179.8,0.881897923485677,0.533129437058371
BH-01570,NRB,980,BW high saline|cold,BW-resident,f,4,209.4,0.506377729682901,0.926149635645678
BH-01570,NRB,980,BW high saline|cold,BW-resident,f,5,150,1.03067677692285,1.28977357138926
BH-01570,NRB,980,BW high saline|cold,BW-resident,f,6,129.6,1.0622376084246,1.09274530925099
BH-01570,NRB,980,BW high saline|cold,BW-resident,f,7,144.4,1.28749803351443,0.961182499189442
BH-01570,NRB,980,BW high saline|cold,BW-resident,f,8,143,0.460806981831668,1.79090023273031
BH-01570,NRB,980,BW high saline|cold,BW-resident,f,9,140.9,1.52137978471813,1.46165197838609
BH-01570,NRB,980,BW high saline|cold,BW-resident,f,10,128.8,1.20456816848603,1.53932224171596
BH-01571,NRB,520,BW Low saline|shift,Trans-habitat,f,1,517.9,-0.847790596081116,-0.436482542901292
BH-01571,NRB,520,BW Low saline|shift,Trans-habitat,f,2,281.3,1.1344321000497,-0.203760346423108
BH-01576,NRB,570,BW int saline|cold,BW-resident,f,1,591.4,1.34762830357766,-0.544778533238231
BH-01576,NRB,570,BW int saline|cold,BW-resident,f,2,275.5,1.65120177715143,0.42187263612291
BH-01580,NRB,490,BW Low saline|shift,Trans-habitat,f,1,690.9,-1.17127609463032,-0.283096005265951
BH-01580,NRB,490,BW Low saline|shift,Trans-habitat,f,2,309,1.33907550145395,0.00757450851475415
BH-01582,NRB,830,BW int saline|cold,BW-resident,f,1,434.6,-0.461907281614227,-0.337774844707182
BH-01582,NRB,830,BW int saline|cold,BW-resident,f,2,245.4,0.613133336127398,0.33692727630236
BH-01582,NRB,830,BW int saline|cold,BW-resident,f,3,208.6,0.490896205395172,0.463579715087973
BH-01582,NRB,830,BW int saline|cold,BW-resident,f,4,163.3,1.32007238021311,0.336967964877907
BH-01582,NRB,830,BW int saline|cold,BW-resident,f,5,117.7,0.536293617486553,0.690917883539013
BH-01582,NRB,830,BW int saline|cold,BW-resident,f,6,116.8,0.840684264251021,0.938507865726949
BH-01582,NRB,830,BW int saline|cold,BW-resident,f,7,136.2,0.550884624784973,0.799784482863153
BH-01585,NRB,760,BW high saline|warm,BW-resident,m,1,386.4,-2.06562415327676,-0.293314859747253
BH-01585,NRB,760,BW high saline|warm,BW-resident,m,2,212.2,-0.611755879421914,0.485984097900283
BH-01585,NRB,760,BW high saline|warm,BW-resident,m,3,167.1,-0.487087667505625,0.493503520285616
BH-01585,NRB,760,BW high saline|warm,BW-resident,m,4,142.9,-0.635138058289772,0.849782001209168
BH-01585,NRB,760,BW high saline|warm,BW-resident,m,5,122.5,-0.127081446395992,1.05187002422569
BH-01585,NRB,760,BW high saline|warm,BW-resident,m,6,169.1,0.194051980419003,1.30222211777837
BH-01585,NRB,760,BW high saline|warm,BW-resident,m,7,111.3,0.137960957570942,1.42444174762764
BH-01585,NRB,760,BW high saline|warm,BW-resident,m,8,102.2,-0.333144375906655,1.23718094538277
BH-01585,NRB,760,BW high saline|warm,BW-resident,m,9,101.4,-1.0970111372384,1.36541722219966
BH-01588,NRB,1050,BW int saline|cold,BW-resident,f,1,437.7,-0.172383337355632,0.293493703864363
BH-01588,NRB,1050,BW int saline|cold,BW-resident,f,2,214.4,0.408885713863047,0.01666787757271
BH-01588,NRB,1050,BW int saline|cold,BW-resident,f,3,167.7,0.64888180095566,-0.0387308273069
BH-01588,NRB,1050,BW int saline|cold,BW-resident,f,4,149.5,1.44490558803319,-0.0136247194975427
BH-01588,NRB,1050,BW int saline|cold,BW-resident,f,5,138.4,1.12845326005607,0.491270531462975
BH-01588,NRB,1050,BW int saline|cold,BW-resident,f,6,110.2,1.83741303088496,0.544707897620203
BH-01588,NRB,1050,BW int saline|cold,BW-resident,f,7,119.9,2.4058764103009,0.0614068158645277
BH-01588,NRB,1050,BW int saline|cold,BW-resident,f,8,149.5,1.65563026738189,0.438744568057781
BH-01588,NRB,1050,BW int saline|cold,BW-resident,f,9,138.4,1.47019553676972,0.247551019537762
BH-01588,NRB,1050,BW int saline|cold,BW-resident,f,10,148.3,1.47076046519438,0.327633635751869
BH-01594,NRB,630,BW high saline|warm,BW-resident,f,1,569,-1.84636310876672,-0.0721594952032235
BH-01594,NRB,630,BW high saline|warm,BW-resident,f,2,300,-0.978795345322005,0.431708538812081
BH-01595,NRB,690,BW Low saline|shift,Trans-habitat,m,1,518.8,-0.349795431448973,-0.425440230198387
BH-01595,NRB,690,BW Low saline|shift,Trans-habitat,m,2,256.2,0.225340343631934,-0.0943703634591632
BH-01595,NRB,690,BW Low saline|shift,Trans-habitat,m,3,199.5,-0.318610125375131,0.599341687026466
BH-01595,NRB,690,BW Low saline|shift,Trans-habitat,m,4,208.4,0.0886603307688204,0.864411279506762
BH-01596,NRB,660,BW Low saline|shift,Trans-habitat,f,1,556.4,-0.12157350077634,-0.490030629963289
BH-01596,NRB,660,BW Low saline|shift,Trans-habitat,f,2,277.1,0.780621564297823,0.190281777689958
BH-01598,NRB,750,BW int saline|cold,BW-resident,f,1,536.1,0.414522689990298,-0.159320658887528
BH-01598,NRB,750,BW int saline|cold,BW-resident,f,2,238.5,1.10952246370145,0.0363863972739276
BH-01598,NRB,750,BW int saline|cold,BW-resident,f,3,211.3,0.74664012555425,0.44666665437898
BH-01598,NRB,750,BW int saline|cold,BW-resident,f,4,294.9,1.02761564183807,0.972804409482475
BH-01713,WRB,980,BW int saline|cold,BW-resident,f,1,656.1,0.877003986903117,-0.178685648068683
BH-01713,WRB,980,BW int saline|cold,BW-resident,f,2,233,1.09010041642097,-0.211948945579247
BH-01713,WRB,980,BW int saline|cold,BW-resident,f,3,182.3,1.05705599174232,0.145569946048014
BH-01713,WRB,980,BW int saline|cold,BW-resident,f,4,178.1,0.615322305894839,0.627865247707334
BH-01713,WRB,980,BW int saline|cold,BW-resident,f,5,167.1,0.232695192898271,0.651500913219989
BH-01713,WRB,980,BW int saline|cold,BW-resident,f,6,124,0.0617561780220417,0.952001979392857
BH-01713,WRB,980,BW int saline|cold,BW-resident,f,7,108.8,-0.251359025934256,1.02583005041158
BH-01717,NRB,1040,BW int saline|cold,BW-resident,f,1,445.4,0.370865486243073,-0.117810032491149
BH-01717,NRB,1040,BW int saline|cold,BW-resident,f,2,202.6,0.729146746691556,0.221735927187591
BH-01717,NRB,1040,BW int saline|cold,BW-resident,f,3,129,1.35711647852624,0.147467539729881
BH-01717,NRB,1040,BW int saline|cold,BW-resident,f,4,128.6,1.01322987040618,0.662679869843424
BH-01717,NRB,1040,BW int saline|cold,BW-resident,f,5,137,0.389399940540705,0.674141670852996
BH-01717,NRB,1040,BW int saline|cold,BW-resident,f,6,164.3,0.67270249234001,0.485401097739878
BH-01717,NRB,1040,BW int saline|cold,BW-resident,f,7,134.2,1.46949938849376,0.267349812121366
BH-01717,NRB,1040,BW int saline|cold,BW-resident,f,8,106.8,2.04118292778194,0.406845471736603
BH-01717,NRB,1040,BW int saline|cold,BW-resident,f,9,74,1.96529678734175,0.835890140061891
BH-01717,NRB,1040,BW int saline|cold,BW-resident,f,10,71.2,0.810649271045652,1.07978637732074
BH-01717,NRB,1040,BW int saline|cold,BW-resident,f,11,136.9,0.4367000985398,1.22163953205458
BH-01717,NRB,1040,BW int saline|cold,BW-resident,f,12,101.5,0.478983457263017,0.855022306632574
BH-01719,WRB,550,BW Low saline|shift,Trans-habitat,f,1,595,0.308859186449351,-0.0300525823893901
BH-01722,NRB,950,BW high saline|cold,BW-resident,f,1,405.7,1.23786887823674,0.280990230269401
BH-01722,NRB,950,BW high saline|cold,BW-resident,f,2,193.6,0.777487126288243,0.249296746409088
BH-01722,NRB,950,BW high saline|cold,BW-resident,f,3,141.5,1.44509926611062,0.402441573638778
BH-01722,NRB,950,BW high saline|cold,BW-resident,f,4,157.3,1.97495630955348,0.678185868664689
BH-01722,NRB,950,BW high saline|cold,BW-resident,f,5,159.3,2.02621800716279,1.30143952661529
BH-01722,NRB,950,BW high saline|cold,BW-resident,f,6,95.8,0.506241067310183,1.10356548272313
BH-01722,NRB,950,BW high saline|cold,BW-resident,f,7,168.1,0.883296418390089,1.08714078992781
BH-01722,NRB,950,BW high saline|cold,BW-resident,f,8,108.5,1.84024774870862,0.924565982223747
BH-01722,NRB,950,BW high saline|cold,BW-resident,f,9,112.1,2.05299681876107,1.02221488828028
BH-01722,NRB,950,BW high saline|cold,BW-resident,f,10,100.1,2.21080326642124,1.03745597270162
BH-01722,NRB,950,BW high saline|cold,BW-resident,f,11,102.9,1.41641745695734,0.879608307271436
BH-01722,NRB,950,BW high saline|cold,BW-resident,f,12,77.9,1.55130906523137,1.00570756163546
BH-01722,NRB,950,BW high saline|cold,BW-resident,f,13,74.5,1.07894487212816,0.902881887947368
BH-01731,WRB,950,BW high saline|cold,BW-resident,m,1,462.1,-0.328845020607331,0.242988715421696
BH-01731,WRB,950,BW high saline|cold,BW-resident,m,2,201.9,0.234154166058726,0.471536743973049
BH-01731,WRB,950,BW high saline|cold,BW-resident,m,3,157,-0.237255098406119,1.15868606446727
BH-01731,WRB,950,BW high saline|cold,BW-resident,m,4,148,-1.03534008031004,1.71808076959206
BH-01731,WRB,950,BW high saline|cold,BW-resident,m,5,124.5,-0.62395831401961,1.57430706471118
BH-01731,WRB,950,BW high saline|cold,BW-resident,m,6,164,-0.998996171019677,1.5867858326872
BH-01731,WRB,950,BW high saline|cold,BW-resident,m,7,161.5,-0.160770627799138,1.26181585608236
BH-01731,WRB,950,BW high saline|cold,BW-resident,m,8,155.1,-0.180626580756172,1.27744865876477
BH-01737,WRB,1130,BW high saline|warm,BW-resident,f,1,430.6,0.680782761567473,0.548118616907304
BH-01737,WRB,1130,BW high saline|warm,BW-resident,f,2,194.1,-1.49899533427578,0.925976312882319
BH-01737,WRB,1130,BW high saline|warm,BW-resident,f,3,249.1,-1.42661973867632,0.517262403609685
BH-01737,WRB,1130,BW high saline|warm,BW-resident,f,4,163.7,-0.858275894227897,1.18086272958548
BH-01737,WRB,1130,BW high saline|warm,BW-resident,f,5,143.9,-0.457451901235406,1.08376374914241
BH-01737,WRB,1130,BW high saline|warm,BW-resident,f,6,120.6,-0.859378829133164,1.39498218799044
BH-01737,WRB,1130,BW high saline|warm,BW-resident,f,7,94.8,-0.974826859653357,1.09011509383596
BH-01737,WRB,1130,BW high saline|warm,BW-resident,f,8,47.2,-1.66760114404143,1.34335175820701
BH-01738,WRB,860,BW high saline|warm,BW-resident,f,1,430.9,-1.96507973895939,-0.0858940710637268
BH-01738,WRB,860,BW high saline|warm,BW-resident,f,2,200.2,-0.809885889076171,0.00344304873744071
BH-01738,WRB,860,BW high saline|warm,BW-resident,f,3,250.1,-0.597634986541985,1.03360467831497
BH-01738,WRB,860,BW high saline|warm,BW-resident,f,4,158.5,-1.03911611195147,1.15244509048475
BH-01738,WRB,860,BW high saline|warm,BW-resident,f,5,130.9,-2.1437723809672,1.61777845002329
BH-01738,WRB,860,BW high saline|warm,BW-resident,f,6,113.1,-2.11584452492672,1.13483024272889
BH-01738,WRB,860,BW high saline|warm,BW-resident,f,7,118.1,-2.85032676616694,2.05315624276543
BH-01758,WRB,682,BW high saline|warm,BW-resident,m,1,435.1,-1.20217442926773,0.188813999610842
BH-01758,WRB,682,BW high saline|warm,BW-resident,m,2,388.5,-0.634731450847574,0.141898945051795
BH-01758,WRB,682,BW high saline|warm,BW-resident,m,3,147.6,-0.186642714084843,0.740577315264687
BH-01758,WRB,682,BW high saline|warm,BW-resident,m,4,132,-0.273192806672977,0.596554003837401
BH-01758,WRB,682,BW high saline|warm,BW-resident,m,5,140.1,-0.111548218589381,0.863144859332072
BH-01758,WRB,682,BW high saline|warm,BW-resident,m,6,107.1,-0.475469232591779,0.991657442496792
BH-01758,WRB,682,BW high saline|warm,BW-resident,m,7,79.6,-0.186288247406671,1.02243979948915
BH-01789,WRB,600,BW Low saline|shift,Trans-habitat,m,1,318.1,-0.537518637488616,-0.474087263490928
BH-01789,WRB,600,BW Low saline|shift,Trans-habitat,m,2,225.2,-0.460507780286269,-0.170091692613204
BH-01789,WRB,600,BW Low saline|shift,Trans-habitat,m,3,254.5,0.0486930436446143,0.0321204074325206
BH-01802,WRB,638,BW high saline|warm,BW-resident,m,1,450.2,-0.960783771199926,-0.0769272031230692
BH-01802,WRB,638,BW high saline|warm,BW-resident,m,2,218,-0.23288396840474,0.60224669376194
BH-01802,WRB,638,BW high saline|warm,BW-resident,m,3,158.2,-0.405506704881438,0.985333535314901
BH-01803,WRB,600,BW int saline|cold,BW-resident,m,1,314.1,0.298545628456378,-0.366597452945875
BH-01803,WRB,600,BW int saline|cold,BW-resident,m,2,186,1.19405833418676,-0.319457874018513
BH-01803,WRB,600,BW int saline|cold,BW-resident,m,3,206.6,0.7200165888345,0.274004168214578
BH-01803,WRB,600,BW int saline|cold,BW-resident,m,4,203.2,0.397958699127812,0.803328792461008
BH-01809,WRB,520,BW int saline|cold,BW-resident,m,1,411.7,-0.321726063364395,-0.193965197246088
BH-01809,WRB,520,BW int saline|cold,BW-resident,m,2,120.5,0.686196406664712,0.491313063591402
BH-01809,WRB,520,BW int saline|cold,BW-resident,m,3,228.5,1.21484733750237,0.0563022660510501
BH-01812,WRB,1020,BW high saline|warm,BW-resident,f,1,421.5,-0.729823758444553,-0.0593193818180874
BH-01812,WRB,1020,BW high saline|warm,BW-resident,f,2,211.7,-0.895923716875567,-0.272888237486063
BH-01812,WRB,1020,BW high saline|warm,BW-resident,f,3,213,-0.317311714254213,-0.185581919875151
BH-01812,WRB,1020,BW high saline|warm,BW-resident,f,4,292.3,-0.778404369762738,0.535524231489595
BH-01812,WRB,1020,BW high saline|warm,BW-resident,f,5,133.8,-0.552204510740075,0.945212044565725
BH-01812,WRB,1020,BW high saline|warm,BW-resident,f,6,139,-1.32076129129833,0.77643281364704
BH-01812,WRB,1020,BW high saline|warm,BW-resident,f,7,113,-1.38797287768855,1.2404836209554
BH-01814,WRB,780,BW high saline|warm,BW-resident,m,1,326.3,-1.12466148025018,0.428925070348699
BH-01814,WRB,780,BW high saline|warm,BW-resident,m,2,262.4,-1.16532907062756,0.737379481003241
BH-01814,WRB,780,BW high saline|warm,BW-resident,m,3,282.1,-1.09523540688941,0.906316626539892
BH-01814,WRB,780,BW high saline|warm,BW-resident,m,4,272.7,-0.984438864168301,1.3729570486349
BH-01814,WRB,780,BW high saline|warm,BW-resident,m,5,211.8,-1.47297582505185,1.47136439421086
BH-01814,WRB,780,BW high saline|warm,BW-resident,m,6,203.1,-1.1052171102119,1.1047345679313
BH-01819,WRB,680,BW high saline|warm,BW-resident,m,1,396.1,-2.23365525403347,0.472025994294155
BH-01819,WRB,680,BW high saline|warm,BW-resident,m,2,371.2,-0.450120648833364,0.631920457807233
BH-01819,WRB,680,BW high saline|warm,BW-resident,m,3,148.7,-0.493219888410336,0.699163978217308
BH-01819,WRB,680,BW high saline|warm,BW-resident,m,4,272,-0.943016737309439,0.985466643236829
BH-01835,WRB,820,BW high saline|warm,BW-resident,m,1,410.2,-0.336191208312771,-0.100344280811754
BH-01835,WRB,820,BW high saline|warm,BW-resident,m,2,263.5,-0.388234846186036,0.368512336484774
BH-01835,WRB,820,BW high saline|warm,BW-resident,m,3,152.1,0.324235654907724,0.764093437455688
BH-01835,WRB,820,BW high saline|warm,BW-resident,m,4,192.5,-0.660357749597965,0.783058812396252
BH-01835,WRB,820,BW high saline|warm,BW-resident,m,5,104.3,-0.42764920854843,0.919968571152404
BH-01835,WRB,820,BW high saline|warm,BW-resident,m,6,92,-0.244662204594626,1.18757559966142
BH-01835,WRB,820,BW high saline|warm,BW-resident,m,7,147,-0.539600968245119,1.55493153754103
BH-01846,NRB,880,BW high saline|cold,BW-resident,f,1,563.6,0.370120663626274,0.464174058923605
BH-01846,NRB,880,BW high saline|cold,BW-resident,f,2,232.8,-0.476779795118796,1.04358045039484
BH-01846,NRB,880,BW high saline|cold,BW-resident,f,3,122.8,0.443861192913425,1.32323750283555
BH-01846,NRB,880,BW high saline|cold,BW-resident,f,4,109.6,0.357247894585877,1.47233570184622
BH-01846,NRB,880,BW high saline|cold,BW-resident,f,5,135.9,-0.197579253520127,1.62493420822626
BH-01846,NRB,880,BW high saline|cold,BW-resident,f,6,210.4,-0.219244557048704,1.302226631392
BH-01846,NRB,880,BW high saline|cold,BW-resident,f,7,138.4,-0.0792315177220685,1.28044844563151
BH-01846,NRB,880,BW high saline|cold,BW-resident,f,8,120.3,-0.25659721559189,1.71290679466459
BH-01846,NRB,880,BW high saline|cold,BW-resident,f,9,86.2,1.60246586362861,1.51871308188541
BH-01846,NRB,880,BW high saline|cold,BW-resident,f,10,162.8,1.23896396966601,1.20361094401621
BH-01846,NRB,880,BW high saline|cold,BW-resident,f,11,102.9,1.23735164872555,1.05683499921772
BH-01846,NRB,880,BW high saline|cold,BW-resident,f,12,145.1,0.855883077888869,1.22768655911392
BH-01850,NRB,910,BW int saline|cold,BW-resident,f,1,564,1.02853911096995,-0.582127720540335
BH-01850,NRB,910,BW int saline|cold,BW-resident,f,2,332.5,2.50164591238138,-0.452039751834836
BH-01850,NRB,910,BW int saline|cold,BW-resident,f,3,161.9,1.95040656593118,-0.083124533384505
BH-01850,NRB,910,BW int saline|cold,BW-resident,f,4,181.9,2.14556430625744,0.185707568797873
BH-01850,NRB,910,BW int saline|cold,BW-resident,f,5,159.7,1.49481405037916,0.271750850916442
BH-01850,NRB,910,BW int saline|cold,BW-resident,f,6,96.6,0.919479967812873,0.768044794995009
BH-01855,WRB,722,BW high saline|warm,BW-resident,m,1,376.8,-0.927329355965351,-0.0111326261058609
BH-01855,WRB,722,BW high saline|warm,BW-resident,m,2,246.1,-0.708124937597621,0.418844739969091
BH-01855,WRB,722,BW high saline|warm,BW-resident,m,3,156.2,-0.672027068201751,0.985404355368747
BH-01855,WRB,722,BW high saline|warm,BW-resident,m,4,156.2,-1.43001037590592,1.58244079271493
BH-01855,WRB,722,BW high saline|warm,BW-resident,m,5,136.2,-0.408326934819374,1.08304103994838
BH-01855,WRB,722,BW high saline|warm,BW-resident,m,6,170,-0.827270275419057,1.45936808988976
BH-01855,WRB,722,BW high saline|warm,BW-resident,m,7,104.7,-0.83936579640514,1.39149838628658
BH-01855,WRB,722,BW high saline|warm,BW-resident,m,8,120.5,-1.44843920518674,1.62201615701504
BH-01860,WRB,940,BW high saline|warm,BW-resident,f,1,455.5,0.169406253481719,-0.304389926417049
BH-01860,WRB,940,BW high saline|warm,BW-resident,f,2,263.7,0.1767034033106,-0.0551624037403855
BH-01860,WRB,940,BW high saline|warm,BW-resident,f,3,248.1,-0.57891269000331,0.416927827885211
BH-01860,WRB,940,BW high saline|warm,BW-resident,f,4,210.4,-0.462900981116167,0.572082315165804
BH-01860,WRB,940,BW high saline|warm,BW-resident,f,5,123.4,-1.22667495169702,1.07596078936568
BH-01860,WRB,940,BW high saline|warm,BW-resident,f,6,139,-1.73361348771287,1.26353573911913
BH-01860,WRB,940,BW high saline|warm,BW-resident,f,7,176.6,-2.76598960119105,1.51551783592413
BH-01867,WRB,820,BW int saline|cold,BW-resident,f,1,464.2,-0.57538302539356,-0.265467302219078
BH-01867,WRB,820,BW int saline|cold,BW-resident,f,2,226.1,1.00763719287803,0.197429614879332
BH-01867,WRB,820,BW int saline|cold,BW-resident,f,3,204.4,0.623839378224717,0.373762767041458
BH-01867,WRB,820,BW int saline|cold,BW-resident,f,4,221.3,0.232090303720433,0.888163665158169
BH-01867,WRB,820,BW int saline|cold,BW-resident,f,5,152.8,-0.149553651229205,1.11273207185284
BH-01867,WRB,820,BW int saline|cold,BW-resident,f,6,84.4,-0.106392099405067,1.14577906576283
BH-01868,WRB,1010,BW high saline|warm,BW-resident,f,1,387.6,-0.920501453191472,0.192162730689609
BH-01868,WRB,1010,BW high saline|warm,BW-resident,f,2,246.2,-1.35817364245324,0.300151097885705
BH-01868,WRB,1010,BW high saline|warm,BW-resident,f,3,128,-1.59374027104284,0.80230276843111
BH-01868,WRB,1010,BW high saline|warm,BW-resident,f,4,148.8,-1.62042209348258,0.736997151378183
BH-01868,WRB,1010,BW high saline|warm,BW-resident,f,5,152.3,-1.41012351611774,0.982466577010896
BH-01868,WRB,1010,BW high saline|warm,BW-resident,f,6,107.1,-0.431931028885164,1.12763394956397
BH-01868,WRB,1010,BW high saline|warm,BW-resident,f,7,95.8,-1.97160994894248,1.4327726393558
BH-01868,WRB,1010,BW high saline|warm,BW-resident,f,8,51.8,-2.16373378032015,1.44609965886025
BH-01868,WRB,1010,BW high saline|warm,BW-resident,f,9,132.5,-2.92509902182036,1.74575687465732
BH-01869,WRB,730,BW high saline|warm,BW-resident,f,1,518.7,-1.49409181030533,1.53345777479523
BH-01869,WRB,730,BW high saline|warm,BW-resident,f,2,187.8,-1.10186233013242,1.54797951678801
BH-01869,WRB,730,BW high saline|warm,BW-resident,f,3,158.5,-0.0424254995276782,1.59498918023752
BH-01882,GB,670,BW Low saline|shift,Trans-habitat,f,1,522.1,-0.276840017581567,-0.490459606591329
BH-01882,GB,670,BW Low saline|shift,Trans-habitat,f,2,267.3,0.471436965580509,0.0992968055155549
BH-01883,GB,870,BW int saline|cold,BW-resident,f,1,444.7,-0.88710500150839,0.0600378207610149
BH-01883,GB,870,BW int saline|cold,BW-resident,f,2,250.9,0.458994898767774,-0.203112683284305
BH-01883,GB,870,BW int saline|cold,BW-resident,f,3,196.4,0.702320436598035,0.5668547177426
BH-01883,GB,870,BW int saline|cold,BW-resident,f,4,138.3,0.246145555612137,0.56790892174534
BH-01883,GB,870,BW int saline|cold,BW-resident,f,5,165.6,0.395484932080603,0.564223831437508
BH-01885,GB,796,BW int saline|cold,BW-resident,f,1,496.7,0.260652339996878,-0.342702984208468
BH-01885,GB,796,BW int saline|cold,BW-resident,f,2,228.3,0.565061508957366,0.0410877772300181
BH-01889,GB,837,BW Low saline|shift,Trans-habitat,f,1,536.5,-0.212677574147526,-0.509250328447771
BH-01889,GB,837,BW Low saline|shift,Trans-habitat,f,2,298.7,0.588722798416905,0.0279162549052775
BH-01889,GB,837,BW Low saline|shift,Trans-habitat,f,3,200.2,-0.379517125996145,0.417431873935418
BH-01889,GB,837,BW Low saline|shift,Trans-habitat,f,4,227.6,-0.363587629933477,0.979967739242803
BH-01891,GB,870,BW high saline|warm,BW-resident,f,1,399.7,-1.76220831077243,0.356821276129195
BH-01891,GB,870,BW high saline|warm,BW-resident,f,2,218.5,-1.0637244413877,-0.223059137199253
BH-01891,GB,870,BW high saline|warm,BW-resident,f,3,141.3,-0.853866889966154,0.513713760645563
BH-01891,GB,870,BW high saline|warm,BW-resident,f,4,135.1,-1.21494381205828,0.679267230367135
BH-01891,GB,870,BW high saline|warm,BW-resident,f,5,117.1,-0.661587692894433,1.02014666815611
BH-01891,GB,870,BW high saline|warm,BW-resident,f,6,126,0.120991808651776,1.07456846232773
BH-01891,GB,870,BW high saline|warm,BW-resident,f,7,149.8,-0.240423762959849,0.88389364670801
BH-01891,GB,870,BW high saline|warm,BW-resident,f,8,90.9,-0.101781074409396,0.574182747402621
BH-01892,GB,635,BW int saline|cold,BW-resident,m,1,552.7,-0.215576533425875,-0.121405417277028
BH-01892,GB,635,BW int saline|cold,BW-resident,m,2,249.6,0.978644919176376,0.344538545677229
BH-01893,GB,650,BW Low saline|shift,Trans-habitat,m,1,472.7,-1.16757068698754,-0.320193327533371
BH-01893,GB,650,BW Low saline|shift,Trans-habitat,m,2,123,0.752971804978651,-0.172572673219532
BH-01893,GB,650,BW Low saline|shift,Trans-habitat,m,3,226.2,0.276262009408825,0.204947245152011
BH-01897,GB,600,BW Low saline|shift,Trans-habitat,m,1,584.8,-0.540540791215873,-0.595591516215372
BH-01897,GB,600,BW Low saline|shift,Trans-habitat,m,2,237.5,1.14039837336218,0.0794451561676375
BH-01898,GB,700,BW Low saline|shift,Trans-habitat,f,1,626.7,-1.32634052374689,-0.444669321413744
BH-01898,GB,700,BW Low saline|shift,Trans-habitat,f,2,230.5,0.386394282878214,-0.198145133307646
BH-01899,GB,760,BW Low saline|shift,Trans-habitat,f,1,477.7,-0.44862004609313,-0.545675288615127
BH-01899,GB,760,BW Low saline|shift,Trans-habitat,f,2,235.1,1.24857607007751,-0.144378412235912
BH-01900,GB,825,BW Low saline|shift,Trans-habitat,f,1,519,-0.319193500171794,-0.618864620932826
BH-01900,GB,825,BW Low saline|shift,Trans-habitat,f,2,247.7,0.64157452204933,-0.146271933124418
BH-01900,GB,825,BW Low saline|shift,Trans-habitat,f,3,280.5,0.169436675784234,0.473137262308518
BH-01902,GB,500,BW high saline|warm,BW-resident,m,1,668.9,-1.52347918159669,-0.43006024848947
BH-01902,GB,500,BW high saline|warm,BW-resident,m,2,240.6,-0.823699790653766,0.593609853638059
BH-01903,GB,439,BW high saline|warm,BW-resident,f,1,629,-1.05743841981404,-0.172582581551186
BH-01904,GB,404,BW high saline|warm,BW-resident,f,1,730,-0.546019760233426,-0.119677511196772
BH-01906,WRB,1230,BW high saline|cold,BW-resident,f,1,353.1,-0.00468832841528808,0.148752760463349
BH-01906,WRB,1230,BW high saline|cold,BW-resident,f,2,282.7,-0.849493381846806,0.925998958771393
BH-01906,WRB,1230,BW high saline|cold,BW-resident,f,3,143.8,-1.07296717914285,1.64602033250394
BH-01906,WRB,1230,BW high saline|cold,BW-resident,f,4,161.9,-0.0774319280101549,0.995593044363048
BH-01906,WRB,1230,BW high saline|cold,BW-resident,f,5,152.8,0.593893354134115,1.15335598076498
BH-01906,WRB,1230,BW high saline|cold,BW-resident,f,6,146.6,0.0157635134155509,0.815691611319537
BH-01906,WRB,1230,BW high saline|cold,BW-resident,f,7,132.7,-0.244098696003007,1.01698196985849
BH-01906,WRB,1230,BW high saline|cold,BW-resident,f,8,117,0.614525929245026,0.632436283194264
BH-01906,WRB,1230,BW high saline|cold,BW-resident,f,9,106,-0.317547618504956,0.992314760091667
BH-01906,WRB,1230,BW high saline|cold,BW-resident,f,10,99.8,0.0161320411755829,1.07040525641459
BH-01906,WRB,1230,BW high saline|cold,BW-resident,f,11,138.6,-0.136852263276466,1.02154476631198
BH-01906,WRB,1230,BW high saline|cold,BW-resident,f,12,96.5,-0.816133572242256,1.03611564495788
BH-01906,WRB,1230,BW high saline|cold,BW-resident,f,13,123.7,-0.0612237378723297,1.22409566818826
BH-01922,WRB,1262,BW high saline|cold,BW-resident,f,1,349.2,-0.181104389979395,0.323657142144616
BH-01922,WRB,1262,BW high saline|cold,BW-resident,f,2,242.5,-0.502839441411477,0.674028656911743
BH-01922,WRB,1262,BW high saline|cold,BW-resident,f,3,187.3,-0.562626851509236,1.06530479519276
BH-01922,WRB,1262,BW high saline|cold,BW-resident,f,4,152.8,-0.790585037810378,1.23385441213811
BH-01922,WRB,1262,BW high saline|cold,BW-resident,f,5,161.8,0.0770417469741563,1.09004391149396
BH-01922,WRB,1262,BW high saline|cold,BW-resident,f,6,147,0.447645106217225,1.15947118793365
BH-01922,WRB,1262,BW high saline|cold,BW-resident,f,7,121.5,0.934658119498879,1.01672161217302
BH-01922,WRB,1262,BW high saline|cold,BW-resident,f,8,124.8,1.50875352123311,0.576622617988557
BH-01922,WRB,1262,BW high saline|cold,BW-resident,f,9,105.7,1.29842164671188,0.990390092983467
BH-01922,WRB,1262,BW high saline|cold,BW-resident,f,10,95.1,1.52937268480611,1.24767509707047
BH-01922,WRB,1262,BW high saline|cold,BW-resident,f,11,67.7,0.571620845848998,1.70227723456802
BH-51614,Tributary,885,FW high saline|shift,Anadromous,f,1,328.8,-0.274740866058581,-1.69939260428305
BH-51614,Tributary,885,FW high saline|shift,Anadromous,f,2,198.4,-0.931945811929188,-1.33477446991076
BH-51614,Tributary,885,FW high saline|shift,Anadromous,f,3,300.4,0.11297560331817,-1.00001538329088
BH-51614,Tributary,885,FW high saline|shift,Anadromous,f,4,217.1,-0.00418039443793092,-0.299223918579091
BH-51614,Tributary,885,FW high saline|shift,Anadromous,f,5,150.2,0.130059307566824,-0.0530977163030936
BH-51614,Tributary,885,FW high saline|shift,Anadromous,f,6,153.3,-0.189188837549217,-0.447285217440595
BH-51614,Tributary,885,FW high saline|shift,Anadromous,f,7,140.1,0.801547643621425,0.549524523073376
BH-51614,Tributary,885,FW high saline|shift,Anadromous,f,8,123,-0.299203389935059,0.733930751927778
BH-51614,Tributary,885,FW high saline|shift,Anadromous,f,9,137.3,-0.588385028257191,0.960028983677248
BH-90307,WRB,900,BW high saline|warm,BW-resident,f,1,383.3,-0.431135774838227,-0.185741015411361
BH-90307,WRB,900,BW high saline|warm,BW-resident,f,2,169.4,-0.476620507203854,0.182852322868975
BH-90307,WRB,900,BW high saline|warm,BW-resident,f,3,197.7,0.725966231395606,-0.0573866340391832
BH-90307,WRB,900,BW high saline|warm,BW-resident,f,4,150.4,0.502705455356075,0.468411483433877
BH-90307,WRB,900,BW high saline|warm,BW-resident,f,5,114.6,0.125861027710559,0.619945910905266
BH-90307,WRB,900,BW high saline|warm,BW-resident,f,6,117.1,0.00954310827048117,0.610067834451504
BH-90307,WRB,900,BW high saline|warm,BW-resident,f,7,117.6,-0.958539805957773,0.83951441090803
BH-90910,Tributary,604,FW int saline|shift,Anadromous,m,1,486.8,-0.149748769568468,-0.736897585813263
BH-90910,Tributary,604,FW int saline|shift,Anadromous,m,2,216.3,1.36651206301202,-0.318676116137944
BH-90910,Tributary,604,FW int saline|shift,Anadromous,m,3,160.2,1.54829428455822,-0.393355207715799
BH-90910,Tributary,604,FW int saline|shift,Anadromous,m,4,129.5,2.18751419756767,0.164573475702247
BH-90910,Tributary,604,FW int saline|shift,Anadromous,m,5,127.8,1.28488837268138,0.533167351412858
BH-90928,Tributary,580,FW high saline|shift,Anadromous,m,1,376.2,-2.00080112376495,-1.0665355084228
BH-90928,Tributary,580,FW high saline|shift,Anadromous,m,2,265.7,-0.278196878786833,-0.228569944537132
BH-90928,Tributary,580,FW high saline|shift,Anadromous,m,3,251.1,0.505410566444953,0.149663655801181
BH-90946,Tributary,694,FW high saline|shift,Anadromous,m,1,409.7,-1.59295886127493,-1.0943012595911
BH-90946,Tributary,694,FW high saline|shift,Anadromous,m,2,210.1,0.507903402199469,-0.334403125786568
BH-90946,Tributary,694,FW high saline|shift,Anadromous,m,3,205.9,0.335256850337087,0.165840447047946
BH-90946,Tributary,694,FW high saline|shift,Anadromous,m,4,148.9,-0.0298448181089752,1.00915363620108
BH-90946,Tributary,694,FW high saline|shift,Anadromous,m,5,123,-0.419967870001034,1.33854406937461
BH-90946,Tributary,694,FW high saline|shift,Anadromous,m,6,118,-1.19427156827907,1.71749804244814
BH-90970,Tributary,634,FW high saline|const,Trans-habitat,m,1,337.4,-1.2114406942149,-0.798475351266262
BH-90970,Tributary,634,FW high saline|const,Trans-habitat,m,2,239.5,-0.19456409583419,-0.0053261630795755
BH-90970,Tributary,634,FW high saline|const,Trans-habitat,m,3,167,-0.328865184598293,0.866060800123951
BH-90970,Tributary,634,FW high saline|const,Trans-habitat,m,4,128.7,0.221339320108447,1.13737682353844
BH-90970,Tributary,634,FW high saline|const,Trans-habitat,m,5,136.9,-0.584782919542121,1.35994672248117
BH-90970,Tributary,634,FW high saline|const,Trans-habitat,m,6,149.2,-0.380871968772472,1.31963428507542
BH-90981,Tributary,745,FW high saline|const,Trans-habitat,m,1,419.1,-1.16393661249434,0.715742661621603
BH-90981,Tributary,745,FW high saline|const,Trans-habitat,m,2,271.9,-0.477733917240949,0.256981499981641
BH-90981,Tributary,745,FW high saline|const,Trans-habitat,m,3,189.8,-0.294470067864144,0.739537940280099
BH-90981,Tributary,745,FW high saline|const,Trans-habitat,m,4,219.6,-0.053873595224592,0.0800043705937266
BH-90981,Tributary,745,FW high saline|const,Trans-habitat,m,5,217.2,-0.458609315338285,-0.299591113357677
BH-90981,Tributary,745,FW high saline|const,Trans-habitat,m,6,259.8,-0.150076121641058,0.701507085324453
BH-90997,Tributary,675,FW high saline|const,Trans-habitat,m,1,573.7,-1.46207970011746,0.0683765928374461
BH-90997,Tributary,675,FW high saline|const,Trans-habitat,m,2,467.8,-1.14053462926157,-0.255050248845041
BH-90997,Tributary,675,FW high saline|const,Trans-habitat,m,3,184.6,-1.11834099171764,1.10551899995279
BH-90997,Tributary,675,FW high saline|const,Trans-habitat,m,4,71.7,-1.6447485685228,1.63867754623416
BH-91013,Tributary,739,FW int saline|shift,Anadromous,f,1,440.1,-1.22110968415832,-1.39049760806739
BH-91013,Tributary,739,FW int saline|shift,Anadromous,f,2,215.7,1.41442674807543,-1.19075650431531
BH-91013,Tributary,739,FW int saline|shift,Anadromous,f,3,289.3,0.982565759563161,-0.797011865780512
BH-91045,Tributary,648,FW low saline|shift,FW_resident,m,1,573.5,-1.3506901423347,-1.60822706020826
BH-91045,Tributary,648,FW low saline|shift,FW_resident,m,2,265.6,-0.399315483887997,-1.42443084150126
BH-91045,Tributary,648,FW low saline|shift,FW_resident,m,3,288.9,0.633866275020772,-0.782149679157822
BH-91050,Tributary,732,FW int saline|shift,Anadromous,m,1,496.6,-1.0096092559745,-1.44279126395315
BH-91050,Tributary,732,FW int saline|shift,Anadromous,m,2,218.6,0.313361661538012,-1.2409671048687
BH-91050,Tributary,732,FW int saline|shift,Anadromous,m,3,175.7,0.685005519482763,-0.883830019391694
BH-91050,Tributary,732,FW int saline|shift,Anadromous,m,4,129.5,0.665064648218369,-0.19371455243989
BH-91050,Tributary,732,FW int saline|shift,Anadromous,m,5,133.3,0.267384886105237,0.086018361635838
BH-91053,Tributary,674,FW int saline|const,FW_resident,f,1,427.6,-0.602194827226929,-1.84593004212227
BH-91053,Tributary,674,FW int saline|const,FW_resident,f,2,557.2,0.602697210999516,-1.25596697408698
BH-91053,Tributary,674,FW int saline|const,FW_resident,f,3,336.7,0.703151303162001,-0.924216372346769
BH-91054,Tributary,636,FW high saline|const,Trans-habitat,m,1,340.9,0.27884987960678,-0.141932197780331
BH-91054,Tributary,636,FW high saline|const,Trans-habitat,m,2,231.4,-0.442902313945036,0.168940998703573
BH-91054,Tributary,636,FW high saline|const,Trans-habitat,m,3,175.9,-0.415223766109224,0.993203879719862
BH-91054,Tributary,636,FW high saline|const,Trans-habitat,m,4,166,-0.501472362350766,1.48811619781634
BH-91054,Tributary,636,FW high saline|const,Trans-habitat,m,5,174.5,-0.587307662955756,1.46116667464868
BH-91068,Tributary,860,FW int saline|const,FW_resident,f,1,510.3,-1.641673451749,-1.28188126459182
BH-91068,Tributary,860,FW int saline|const,FW_resident,f,2,385.7,-0.0655495814526601,-0.896396995319685
BH-91068,Tributary,860,FW int saline|const,FW_resident,f,3,189.5,-0.0544958061017609,-1.14886392202186
BH-91068,Tributary,860,FW int saline|const,FW_resident,f,4,111.8,-1.37486358995948,-1.21982178535961
BH-91068,Tributary,860,FW int saline|const,FW_resident,f,5,94.2,0.840078653004233,-0.171639434925486
BH-91117,Tributary,555,FW int saline|shift,Anadromous,f,1,526.6,-0.955688697352159,-1.53124883485167
BH-91117,Tributary,555,FW int saline|shift,Anadromous,f,2,215.9,1.15507383815303,-0.797682633405937
BH-91117,Tributary,555,FW int saline|shift,Anadromous,f,3,151.8,2.13093957772033,0.270980840685466
BH-91328,Tributary,1061,FW int saline|shift,Anadromous,f,1,431.5,1.35274863374718,-1.24886203303729
BH-91328,Tributary,1061,FW int saline|shift,Anadromous,f,2,214.8,1.13064157036002,-1.0575578630706
BH-91328,Tributary,1061,FW int saline|shift,Anadromous,f,3,140.4,2.30761776984065,-0.935973355727627
BH-91328,Tributary,1061,FW int saline|shift,Anadromous,f,4,135.2,1.64006761565614,-0.753683754148763
BH-91328,Tributary,1061,FW int saline|shift,Anadromous,f,5,145.3,1.98111246572535,-0.344448414163035
BH-91328,Tributary,1061,FW int saline|shift,Anadromous,f,6,119.8,1.7324938236344,-0.164913050749029
BH-91328,Tributary,1061,FW int saline|shift,Anadromous,f,7,128,1.01876717587401,0.201439846923086
BH-91328,Tributary,1061,FW int saline|shift,Anadromous,f,8,111.1,1.60941535874267,0.0159209882553634
BH-91328,Tributary,1061,FW int saline|shift,Anadromous,f,9,95,1.73481129118708,-0.0188207627735065
BH-91328,Tributary,1061,FW int saline|shift,Anadromous,f,10,97.1,2.11852016927281,-0.0398871983572469
BH-91328,Tributary,1061,FW int saline|shift,Anadromous,f,11,79.8,0.883182036537503,0.162845648840837
BH-91534,Tributary,423,FW high saline|shift,Anadromous,f,1,411.2,-2.14419728200418,-0.316937472168014
BH-91534,Tributary,423,FW high saline|shift,Anadromous,f,2,287,0.130669452715263,-0.236916518860098
BH-91549,Tributary,650,FW high saline|shift,Anadromous,f,1,713.5,-1.02777394124839,-1.18745446690867
BH-91549,Tributary,650,FW high saline|shift,Anadromous,f,2,331.3,0.769246418992937,-0.236276257518417
BH-91570,Tributary,558,FW high saline|shift,Anadromous,m,1,448.2,-0.928526829192673,-0.00665512138577331
BH-91570,Tributary,558,FW high saline|shift,Anadromous,m,2,200.5,0.703467371450838,-0.131709601501704
BH-91570,Tributary,558,FW high saline|shift,Anadromous,m,3,387.3,0.655070033901427,-0.0450922726916487
BH-91571,Tributary,896,FW int saline|const,FW_resident,f,1,352.3,-1.19847075258295,-1.41526062529779
BH-91571,Tributary,896,FW int saline|const,FW_resident,f,2,158.6,0.235843976439355,-1.41654112896811
BH-91571,Tributary,896,FW int saline|const,FW_resident,f,3,135.1,0.0779494306451419,-1.31121648294027
BH-91571,Tributary,896,FW int saline|const,FW_resident,f,4,221.4,0.140995706786169,-1.22825343704136
BH-91571,Tributary,896,FW int saline|const,FW_resident,f,5,251.2,0.340133455553123,-1.26122461813938
BH-91571,Tributary,896,FW int saline|const,FW_resident,f,6,184.1,0.528671098336799,-1.15050397256669
BH-91571,Tributary,896,FW int saline|const,FW_resident,f,7,162.8,0.854206545147118,-0.987091674007721
BH-91571,Tributary,896,FW int saline|const,FW_resident,f,8,178.8,0.544758470547808,-1.00509884629237
BH-91571,Tributary,896,FW int saline|const,FW_resident,f,9,116,-0.734317034738623,-1.00417840976211
BH-91585,Tributary,815,FW int saline|const,FW_resident,f,1,427.9,0.495189190095151,-1.32375315550642
BH-91585,Tributary,815,FW int saline|const,FW_resident,f,2,349.8,-0.573633105949107,-1.3263946610826
BH-91585,Tributary,815,FW int saline|const,FW_resident,f,3,244.3,0.33744951396208,-1.17586009133473
BH-91585,Tributary,815,FW int saline|const,FW_resident,f,4,166,1.11072802934995,-0.83853607948529
BH-91585,Tributary,815,FW int saline|const,FW_resident,f,5,172.4,0.0802424453365545,-0.679561191131381
BH-91585,Tributary,815,FW int saline|const,FW_resident,f,6,157.2,-0.151788770718068,-0.624648567719529
BH-91588,Tributary,615,FW low saline|shift,FW_resident,m,1,512.9,-0.893606792108263,-1.88564152069148
BH-91588,Tributary,615,FW low saline|shift,FW_resident,m,2,270.8,0.936844565336958,-1.37980882789705
BH-91588,Tributary,615,FW low saline|shift,FW_resident,m,3,204.5,0.0942512638089162,-0.991630354242337
BH-91588,Tributary,615,FW low saline|shift,FW_resident,m,4,234.8,-0.854598260646174,-1.15981940289893
BH-92990,Tributary,802,FW int saline|const,FW_resident,f,1,627.6,-1.2082735091151,-1.30854178696612
BH-92990,Tributary,802,FW int saline|const,FW_resident,f,2,241.7,0.158019797141435,-1.15777529530441
BH-92990,Tributary,802,FW int saline|const,FW_resident,f,3,205.7,0.00622570676998101,-1.18740817180482
BH-92990,Tributary,802,FW int saline|const,FW_resident,f,4,186.1,0.523052200026663,-1.08988139371706
BH-92990,Tributary,802,FW int saline|const,FW_resident,f,5,184.5,0.708296087913014,-0.785568673093796
BH-92990,Tributary,802,FW int saline|const,FW_resident,f,6,160.4,-0.161375271849256,-0.948936360685349
BH-92993,Tributary,680,FW high saline|const,Trans-habitat,f,1,546,-0.665143940849542,-0.297890022653129
BH-92993,Tributary,680,FW high saline|const,Trans-habitat,f,2,195.8,1.15533013356293,-0.278291912275498
BH-92993,Tributary,680,FW high saline|const,Trans-habitat,f,3,359.3,0.820243064594932,-0.0465810430110761
BH-92996,Tributary,665,FW high saline|shift,Anadromous,f,1,901,-1.17778301252395,-0.140516286653997
BH-92996,Tributary,665,FW high saline|shift,Anadromous,f,2,474,-0.108799508070945,-0.145848600355228
BH-93002,Tributary,686,FW high saline|const,Trans-habitat,f,1,379.2,-0.384012511569766,-0.128728811061031
BH-93002,Tributary,686,FW high saline|const,Trans-habitat,f,2,387.9,1.0628671890997,-0.299599679193313
BH-93002,Tributary,686,FW high saline|const,Trans-habitat,f,3,386.4,0.0985708671220865,-0.037736790705344
BH-93003,Tributary,877,FW int saline|const,FW_resident,f,1,339.6,-1.83153085589645,-1.29399742847327
BH-93003,Tributary,877,FW int saline|const,FW_resident,f,2,268.8,-1.15827736710799,-1.66371288661825
BH-93003,Tributary,877,FW int saline|const,FW_resident,f,3,165.3,-0.92608504281559,-1.20486673904998
BH-93003,Tributary,877,FW int saline|const,FW_resident,f,4,172.2,-1.10254135053904,-1.12837362615458
BH-93003,Tributary,877,FW int saline|const,FW_resident,f,5,159.1,0.301503672254566,-0.794221781963691
BH-93003,Tributary,877,FW int saline|const,FW_resident,f,6,170.9,-0.448754543423093,-0.793508992099384
BH-93003,Tributary,877,FW int saline|const,FW_resident,f,7,153.5,-0.0654517687385679,-0.752675232319478
BH-93003,Tributary,877,FW int saline|const,FW_resident,f,8,125.7,0.631184186419173,-0.750605108564614
BH-93003,Tributary,877,FW int saline|const,FW_resident,f,9,79.9,-0.00962326168884521,-0.646704611535035
BH-93003,Tributary,877,FW int saline|const,FW_resident,f,10,81.3,-0.000777223460327311,-0.434581381064627
BH-93005,Tributary,765,FW high saline|const,Trans-habitat,f,1,484.5,0.309882695778387,0.341364742813741
BH-93005,Tributary,765,FW high saline|const,Trans-habitat,f,2,250.8,0.391204037716609,0.103457723639692
BH-93005,Tributary,765,FW high saline|const,Trans-habitat,f,3,315.1,0.580256296977096,0.35833593005923
BH-93007,Tributary,878,FW int saline|const,FW_resident,f,1,418.5,0.0346719265978218,-1.36206029467927
BH-93007,Tributary,878,FW int saline|const,FW_resident,f,2,287.1,0.447876367752282,-1.06055573989169
BH-93007,Tributary,878,FW int saline|const,FW_resident,f,3,392,0.499625285480778,-0.736661613220535
BH-93007,Tributary,878,FW int saline|const,FW_resident,f,4,171,0.486484833898006,-0.724541858508677
BH-93007,Tributary,878,FW int saline|const,FW_resident,f,5,215.2,-0.276861350037451,-0.862476887989284
BH-93015,Tributary,652,FW high saline|shift,Anadromous,f,1,609.6,-0.785966076140206,-0.634424829159521
BH-93015,Tributary,652,FW high saline|shift,Anadromous,f,2,301.3,0.0264562953992033,0.210159167910893
BH-93047,Tributary,702,FW low saline|shift,FW_resident,f,1,650,-2.42222823155483,-1.53642925277409
BH-93047,Tributary,702,FW low saline|shift,FW_resident,f,2,348.5,-0.513802243756914,-1.45712449348745
BH-93047,Tributary,702,FW low saline|shift,FW_resident,f,3,226.5,-0.380799798187634,-1.3071236818391
BH-93047,Tributary,702,FW low saline|shift,FW_resident,f,4,220.5,-0.95379013912654,-1.15500565513427
BH-93048,Tributary,730,FW low saline|shift,FW_resident,f,1,594.5,-1.34104745247062,-1.67199704727977
BH-93048,Tributary,730,FW low saline|shift,FW_resident,f,2,245.6,-0.492279235139098,-1.25548288093989
BH-93048,Tributary,730,FW low saline|shift,FW_resident,f,3,242.6,-0.327726388555559,-1.11029250562867
BH-93048,Tributary,730,FW low saline|shift,FW_resident,f,4,239.9,-1.78890199960597,-1.14456664121815
BH-93066,Tributary,520,FW low saline|shift,FW_resident,m,1,471.8,-1.53339392850532,-1.30071895417149
BH-93066,Tributary,520,FW low saline|shift,FW_resident,m,2,267.1,-1.19134730615822,-1.42907412367465
BH-93071,Tributary,854,FW int saline|const,FW_resident,f,1,362.7,-1.57249566021739,-1.74621024330148
BH-93071,Tributary,854,FW int saline|const,FW_resident,f,2,311.1,-0.960902747118518,-1.36097042878259
BH-93071,Tributary,854,FW int saline|const,FW_resident,f,3,259.6,-0.877195135912268,-1.17047342958854
BH-93071,Tributary,854,FW int saline|const,FW_resident,f,4,146.1,-0.237140774654066,-1.11716409935835
BH-93071,Tributary,854,FW int saline|const,FW_resident,f,5,165.2,-0.00197773777275738,-1.1506914134641
BH-93071,Tributary,854,FW int saline|const,FW_resident,f,6,128.8,0.50259467428933,-0.882814398704543
BH-93071,Tributary,854,FW int saline|const,FW_resident,f,7,145.8,0.0859096273552111,-0.735708047784974
BH-93071,Tributary,854,FW int saline|const,FW_resident,f,8,182.5,-1.79818445188465,-0.909802158902032
BH-93097,Tributary,636,FW int saline|shift,Anadromous,m,1,572.2,-0.544566959099126,-1.31236467738491
BH-93097,Tributary,636,FW int saline|shift,Anadromous,m,2,462.7,0.838816078525546,-0.580803033725391
BH-93097,Tributary,636,FW int saline|shift,Anadromous,m,3,220.7,0.568832133007895,-0.446194844868154
BH-93109,Tributary,732,FW low saline|shift,FW_resident,m,1,447.2,-1.33073284110946,-1.75142898574077
BH-93109,Tributary,732,FW low saline|shift,FW_resident,m,2,226.1,-0.101216687233436,-1.15487709809301
BH-93109,Tributary,732,FW low saline|shift,FW_resident,m,3,212.7,0.155751588427696,-0.924625453564211
BH-93109,Tributary,732,FW low saline|shift,FW_resident,m,4,179,0.465781089595188,-0.93178457579336
BH-93109,Tributary,732,FW low saline|shift,FW_resident,m,5,146.6,-0.370738069144347,-1.1052241620925
BH-93109,Tributary,732,FW low saline|shift,FW_resident,m,6,152.6,0.281187301409098,-1.07246913349267
BH-93109,Tributary,732,FW low saline|shift,FW_resident,m,7,125.8,0.437164999254048,-0.87907618887262
BH-93109,Tributary,732,FW low saline|shift,FW_resident,m,8,121.2,-0.690756289019469,-0.773250534737681
BH-93109,Tributary,732,FW low saline|shift,FW_resident,m,9,163.6,-1.40045615559349,-1.04576553323607
BH-93114,Tributary,618,FW low saline|shift,FW_resident,m,1,471.8,-0.990420908278881,-1.70742070749179
BH-93114,Tributary,618,FW low saline|shift,FW_resident,m,2,291.4,0.161801247599804,-1.32907677979763
BH-93114,Tributary,618,FW low saline|shift,FW_resident,m,3,232.8,-0.0374911901713017,-0.936004955229571
BH-93114,Tributary,618,FW low saline|shift,FW_resident,m,4,184.8,-1.61357308983002,-0.915122050831887
BH-93116,Tributary,563,FW int saline|shift,Anadromous,f,1,597.5,-0.292337060191906,-1.090009870505
BH-93116,Tributary,563,FW int saline|shift,Anadromous,f,2,292.1,0.947287310903199,-0.468693061202824
BH-93132,Tributary,862,FW int saline|const,FW_resident,f,1,407.5,-1.52611935426877,-1.53077389240349
BH-93132,Tributary,862,FW int saline|const,FW_resident,f,2,182.2,-0.931151154141063,-1.60930899404062
BH-93132,Tributary,862,FW int saline|const,FW_resident,f,3,232.8,-1.08205181736572,-1.15040954436306
BH-93132,Tributary,862,FW int saline|const,FW_resident,f,4,221.1,-0.730271306385892,-1.04789914494922
BH-93132,Tributary,862,FW int saline|const,FW_resident,f,5,209.6,-0.743803443272344,-0.794180576929384
BH-93132,Tributary,862,FW int saline|const,FW_resident,f,6,183.3,-0.395033247645565,-0.995922141776731
BH-93132,Tributary,862,FW int saline|const,FW_resident,f,7,157.7,1.19753930410478,-0.937897441381369
BH-93132,Tributary,862,FW int saline|const,FW_resident,f,8,144.8,1.0899330357191,-0.887840955259314
BH-93132,Tributary,862,FW int saline|const,FW_resident,f,9,150.3,-0.881416848140755,-0.727694537197341
BH-93143,Tributary,675,FW high saline|const,Trans-habitat,f,1,374,0.0409679537579416,-0.478672375131066
BH-93143,Tributary,675,FW high saline|const,Trans-habitat,f,2,309.3,0.349094240879558,-0.323571988806196
BH-93143,Tributary,675,FW high saline|const,Trans-habitat,f,3,414.7,-0.284024140151533,0.341130221208033
BH-93152,Tributary,632,FW high saline|const,Trans-habitat,f,1,692.7,0.349761005571224,-0.407713464031393
BH-93152,Tributary,632,FW high saline|const,Trans-habitat,f,2,384.6,-0.0654063499065382,-0.0933337473835821
BH-93170,Tributary,733,FW high saline|const,Trans-habitat,m,1,444.1,0.566372570490719,-0.309684789468117
BH-93170,Tributary,733,FW high saline|const,Trans-habitat,m,2,123.7,0.593955441663875,0.409791125431183
BH-93170,Tributary,733,FW high saline|const,Trans-habitat,m,3,171.3,0.469965257148322,0.521862068635899
BH-93170,Tributary,733,FW high saline|const,Trans-habitat,m,4,241.5,-0.24082087049111,0.48376300319356
BH-93170,Tributary,733,FW high saline|const,Trans-habitat,m,5,160.4,-0.93722186898746,1.01241062507575
BH-93170,Tributary,733,FW high saline|const,Trans-habitat,m,6,157.8,-2.06050466429531,1.22499349418206
BH-93170,Tributary,733,FW high saline|const,Trans-habitat,m,7,113.1,-0.125519281870165,0.947241682694337
BH-93170,Tributary,733,FW high saline|const,Trans-habitat,m,8,102.4,-0.455821351928387,0.943664123091691
BH-93170,Tributary,733,FW high saline|const,Trans-habitat,m,9,81.6,0.198302727426177,0.351082205756185
BH-93172,Tributary,745,FW high saline|const,Trans-habitat,f,1,709.7,-0.183618336292377,0.325189967467158
BH-93172,Tributary,745,FW high saline|const,Trans-habitat,f,2,343.5,1.00664587373502,0.399067909698613
BH-93172,Tributary,745,FW high saline|const,Trans-habitat,f,3,356.4,0.908959073415407,0.666086204663519
BH-93178,Tributary,604,FW high saline|shift,Anadromous,f,1,693,-0.475230721900485,-0.765687589326707
BH-93178,Tributary,604,FW high saline|shift,Anadromous,f,2,385.6,0.51205224651456,-0.46433288992067
